domain,service,method,payload_type,field_path,value_type,messages_seen
clubs/VIP/progression,AppClient,UpdateCharmsProgress,Casino.UpdateCharmsProgressRequest,progress_data.trading_info.trade_token_quantity,integer,31
clubs/VIP/progression,AppClient,UpdateFame,Casino.UpdateFameRequest,fame_delta.value,string,109
clubs/VIP/progression,AppClient,UpdateFame,Casino.UpdateFameRequest,legacy_fame_delta,string,109
clubs/VIP/progression,AppClient,UpdateLoyaltyProgram,Casino.UpdateLoyaltyRequest,can_collect_points,boolean,63
clubs/VIP/progression,AppClient,UpdateLoyaltyProgram,Casino.UpdateLoyaltyRequest,is_keep_status_reached,boolean,63
clubs/VIP/progression,AppClient,UpdateLoyaltyProgram,Casino.UpdateLoyaltyRequest,loyalty_points_balance,string,63
clubs/VIP/progression,AppClient,UpdateLoyaltyProgram,Casino.UpdateLoyaltyRequest,tier,string,63
clubs/VIP/progression,AppClient,UpdateProgress,Casino.UpdateProgressRequest,econ_stats.stat[].key,integer,645
clubs/VIP/progression,AppClient,UpdateProgress,Casino.UpdateProgressRequest,econ_stats.stat[].value_double,number,645
clubs/VIP/progression,AppClient,UpdateProgress,Casino.UpdateProgressRequest,econ_stats.stat[].value_int,string,645
clubs/VIP/progression,AppClient,UpdateProgress,Casino.UpdateProgressRequest,level,string,66
clubs/VIP/progression,AppClient,UpdateProgress,Casino.UpdateProgressRequest,mini_game_event_progress.current_sum_of_bets.value,string,645
clubs/VIP/progression,AppClient,UpdateProgress,Casino.UpdateProgressRequest,mini_game_event_progress.event_id,string,645
clubs/VIP/progression,AppClient,UpdateProgress,Casino.UpdateProgressRequest,mini_game_event_progress.moves,integer,645
clubs/VIP/progression,AppClient,UpdateProgress,Casino.UpdateProgressRequest,mini_game_event_progress.required_sum_of_bets.value,string,645
clubs/VIP/progression,AppClient,UpdateProgress,Casino.UpdateProgressRequest,rewards_data.reward[].big_chips_delta.value,string,63
clubs/VIP/progression,AppClient,UpdateProgress,Casino.UpdateProgressRequest,rewards_data.reward[].charms_trade_token_delta,integer,22
clubs/VIP/progression,AppClient,UpdateProgress,Casino.UpdateProgressRequest,rewards_data.reward[].chips_delta,string,63
clubs/VIP/progression,AppClient,UpdateProgress,Casino.UpdateProgressRequest,rewards_data.reward[].collectibles_box.box_id,integer,25
clubs/VIP/progression,AppClient,UpdateProgress,Casino.UpdateProgressRequest,rewards_data.reward[].collectibles_box.box_type,integer,25
clubs/VIP/progression,AppClient,UpdateProgress,Casino.UpdateProgressRequest,rewards_data.reward[].collectibles_box.raffle_id,string,25
clubs/VIP/progression,AppClient,UpdateProgress,Casino.UpdateProgressRequest,rewards_data.reward[].collectibles_box.source,integer,25
clubs/VIP/progression,AppClient,UpdateProgress,Casino.UpdateProgressRequest,rewards_data.reward[].collectibles_box.theme_id,integer,25
clubs/VIP/progression,AppClient,UpdateProgress,Casino.UpdateProgressRequest,rewards_data.reward[].collectibles_box.type,integer,25
clubs/VIP/progression,AppClient,UpdateProgress,Casino.UpdateProgressRequest,rewards_data.reward[].collectibles_box_info.box_id,integer,25
clubs/VIP/progression,AppClient,UpdateProgress,Casino.UpdateProgressRequest,rewards_data.reward[].collectibles_box_info.box_type,integer,25
clubs/VIP/progression,AppClient,UpdateProgress,Casino.UpdateProgressRequest,rewards_data.reward[].collectibles_box_info.event_type,integer,25
clubs/VIP/progression,AppClient,UpdateProgress,Casino.UpdateProgressRequest,rewards_data.reward[].collectibles_box_info.highest_guaranteed_rarity,integer,25
clubs/VIP/progression,AppClient,UpdateProgress,Casino.UpdateProgressRequest,rewards_data.reward[].collectibles_box_info.highest_guaranteed_rarity_items_count,integer,25
clubs/VIP/progression,AppClient,UpdateProgress,Casino.UpdateProgressRequest,rewards_data.reward[].collectibles_box_info.items_count,integer,25
clubs/VIP/progression,AppClient,UpdateProgress,Casino.UpdateProgressRequest,rewards_data.reward[].extra_item_boost.time.duration,integer,43
clubs/VIP/progression,AppClient,UpdateProgress,Casino.UpdateProgressRequest,rewards_data.reward[].extra_item_boost.time.expire_time,string,43
clubs/VIP/progression,AppClient,UpdateProgress,Casino.UpdateProgressRequest,rewards_data.reward[].extra_item_boost.time.value,integer,43
clubs/VIP/progression,AppClient,UpdateProgress,Casino.UpdateProgressRequest,rewards_data.reward[].extra_item_boost.type,integer,43
clubs/VIP/progression,AppClient,UpdateProgress,Casino.UpdateProgressRequest,rewards_data.reward[].id,integer,66
clubs/VIP/progression,AppClient,UpdateProgress,Casino.UpdateProgressRequest,rewards_data.reward[].loyalty_points,string,63
clubs/VIP/progression,AppClient,UpdateProgress,Casino.UpdateProgressRequest,rewards_data.state_info.extra_items.extra_items[].type,integer,645
clubs/VIP/progression,AppClient,UpdateProgress,Casino.UpdateProgressRequest,rewards_data.state_info.extra_items.extra_items[].value[].level.levels_amount,integer,143
clubs/VIP/progression,AppClient,UpdateProgress,Casino.UpdateProgressRequest,rewards_data.state_info.extra_items.extra_items[].value[].level.target_level,integer,143
clubs/VIP/progression,AppClient,UpdateProgress,Casino.UpdateProgressRequest,rewards_data.state_info.extra_items.extra_items[].value[].level.value,integer,143
clubs/VIP/progression,AppClient,UpdateProgress,Casino.UpdateProgressRequest,rewards_data.state_info.extra_items.extra_items[].value[].time.duration,integer,516
clubs/VIP/progression,AppClient,UpdateProgress,Casino.UpdateProgressRequest,rewards_data.state_info.extra_items.extra_items[].value[].time.expire_time,string,502
clubs/VIP/progression,AppClient,UpdateProgress,Casino.UpdateProgressRequest,rewards_data.state_info.extra_items.extra_items[].value[].time.value,integer,516
clubs/VIP/progression,AppClient,UpdateProgress,Casino.UpdateProgressRequest,rewards_data.state_info.extra_items.extra_items[].value[].type,integer,645
clubs/VIP/progression,AppClient,UpdateProgress,Casino.UpdateProgressRequest,unlocked_game[].category,string,1
clubs/VIP/progression,AppClient,UpdateProgress,Casino.UpdateProgressRequest,unlocked_game[].name,string,1
clubs/VIP/progression,AppClient,UpdateProgress,Casino.UpdateProgressRequest,unlocked_game[].params.element[].key,integer,1
clubs/VIP/progression,AppClient,UpdateProgress,Casino.UpdateProgressRequest,unlocked_game[].params.element[].value_bet[],string,1
clubs/VIP/progression,AppClient,UpdateProgress,Casino.UpdateProgressRequest,unlocked_game[].params.element[].value_int,string,1
clubs/VIP/progression,AppClient,UpdateProgress,Casino.UpdateProgressRequest,unlocked_game[].params.element[].value_string,string,1
clubs/VIP/progression,AppClient,UpdateProgress,Casino.UpdateProgressRequest,user_id,string,651
clubs/VIP/progression,AppClient,UpdateProgress,Casino.UpdateProgressRequest,video_ad_chips_delta,string,63
clubs/VIP/progression,AppClient,UpdateProgress,Casino.UpdateProgressRequest,xp,number,645
clubs/VIP/progression,AppClient,UpdateProgress,Casino.UpdateProgressRequest,xp_level,number,63
clubs/VIP/progression,AppServer,GetAssignmentProgress,Casino.GetAssignmentProgressRequest,event_id[],string,1
clubs/VIP/progression,AppServer,GetAssignmentProgress,Casino.GetAssignmentProgressResponse,assignment_progress[].event_id,string,3
clubs/VIP/progression,AppServer,GetAssignmentProgress,Casino.GetAssignmentProgressResponse,assignment_progress[].milestone[].requirement.value,string,3
clubs/VIP/progression,AppServer,GetAssignmentProgress,Casino.GetAssignmentProgressResponse,assignment_progress[].milestone[].status,string,3
clubs/VIP/progression,AppServer,GetAssignmentProgress,Casino.GetAssignmentProgressResponse,assignment_progress[].progress.value,string,3
clubs/VIP/progression,AppServer,GetAssignmentProgress,Casino.GetAssignmentProgressResponse,status,string,3
offers/economy,AppClient,AddPersonalOffer,Casino.AddPersonalOfferRequest,personal_offer[].occurrence_limit,integer,1
offers/economy,AppClient,AddPersonalOffer,Casino.AddPersonalOfferRequest,personal_offer[].offer_base.expire,string,1
offers/economy,AppClient,AddPersonalOffer,Casino.AddPersonalOfferRequest,personal_offer[].offer_base.id.config_id,string,1
offers/economy,AppClient,AddPersonalOffer,Casino.AddPersonalOfferRequest,personal_offer[].offer_base.id.offer_type,integer,1
offers/economy,AppClient,AddPersonalOffer,Casino.AddPersonalOfferRequest,personal_offer[].offer_base.name,string,1
offers/economy,AppClient,AddPersonalOffer,Casino.AddPersonalOfferRequest,personal_offer[].offer_base.segment_id,string,1
offers/economy,AppClient,AddPersonalOffer,Casino.AddPersonalOfferRequest,personal_offer[].one_time,boolean,1
offers/economy,AppClient,AddPersonalOffer,Casino.AddPersonalOfferRequest,personal_offer[].paid_offer.config_id,string,1
offers/economy,AppClient,AddPersonalOffer,Casino.AddPersonalOfferRequest,personal_offer[].paid_offer.created_at,integer,1
offers/economy,AppClient,AddPersonalOffer,Casino.AddPersonalOfferRequest,personal_offer[].paid_offer.item[].metadata[].key,string,1
offers/economy,AppClient,AddPersonalOffer,Casino.AddPersonalOfferRequest,personal_offer[].paid_offer.item[].metadata[].value,string,1
offers/economy,AppClient,AddPersonalOffer,Casino.AddPersonalOfferRequest,personal_offer[].paid_offer.item[].source,string,1
offers/economy,AppClient,AddPersonalOffer,Casino.AddPersonalOfferRequest,personal_offer[].paid_offer.item[].type,string,1
offers/economy,AppClient,AddPersonalOffer,Casino.AddPersonalOfferRequest,personal_offer[].paid_offer.item[].value,string,1
offers/economy,AppClient,AddPersonalOffer,Casino.AddPersonalOfferRequest,personal_offer[].paid_offer.metadata[].key,string,1
offers/economy,AppClient,AddPersonalOffer,Casino.AddPersonalOfferRequest,personal_offer[].paid_offer.metadata[].value,string,1
offers/economy,AppClient,AddPersonalOffer,Casino.AddPersonalOfferRequest,personal_offer[].paid_offer.product_id,string,1
offers/economy,AppClient,AddPersonalOffer,Casino.AddPersonalOfferRequest,personal_offer[].paid_offer.signature,string,1
offers/economy,AppClient,AddPersonalOffer,Casino.AddPersonalOfferRequest,personal_offer[].paid_offer.source,string,1
offers/economy,AppClient,AddPersonalOffer,Casino.AddPersonalOfferRequest,personal_offer[].product.product_id,string,1
offers/economy,AppClient,AddPersonalOffer,Casino.AddPersonalOfferRequest,personal_offer[].scenario[],integer,1
offers/economy,AppClient,AddPersonalOffer,Casino.AddPersonalOfferRequest,personal_offer[].template_id,integer,1
offers/economy,AppClient,AddPersonalOffer,Casino.AddPersonalOfferRequest,personal_offer[].timer,string,1
offers/economy,AppClient,AddPersonalOffer,Casino.AddPersonalOfferRequest,personal_offer[].total_limit,integer,1
offers/economy,AppClient,AddPersonalOffer,Casino.AddPersonalOfferRequest,personal_offer[].total_used,integer,1
offers/economy,AppClient,AddPersonalOffer,Casino.AddPersonalOfferRequest,personal_offer[].url[],string,1
offers/economy,AppClient,ConfirmFreeGiftRound,Casino.ConfirmFreeGiftRoundRequest,duration,integer,1
offers/economy,AppClient,ConfirmFreeGiftRound,Casino.ConfirmFreeGiftRoundRequest,expire,integer,1
offers/economy,AppClient,ConfirmFreeGiftRound,Casino.ConfirmFreeGiftRoundResponse,confirm,boolean,1
offers/economy,AppClient,NotifyRewardBundles,Casino.NotifyRewardBundlesRequest,bundle[].id,string,1
offers/economy,AppClient,NotifyRewardBundles,Casino.NotifyRewardBundlesRequest,bundle[].item[].metadata[].key,string,1
offers/economy,AppClient,NotifyRewardBundles,Casino.NotifyRewardBundlesRequest,bundle[].item[].metadata[].value,string,1
offers/economy,AppClient,NotifyRewardBundles,Casino.NotifyRewardBundlesRequest,bundle[].item[].source,string,1
offers/economy,AppClient,NotifyRewardBundles,Casino.NotifyRewardBundlesRequest,bundle[].item[].type,string,1
offers/economy,AppClient,NotifyRewardBundles,Casino.NotifyRewardBundlesRequest,bundle[].item[].value,string,1
offers/economy,AppClient,NotifyRewardBundles,Casino.NotifyRewardBundlesRequest,bundle[].metadata[].key,string,1
offers/economy,AppClient,NotifyRewardBundles,Casino.NotifyRewardBundlesRequest,bundle[].metadata[].value,string,1
offers/economy,AppClient,NotifyRewardBundles,Casino.NotifyRewardBundlesRequest,bundle[].source,string,1
offers/economy,AppClient,OfferTrailUpdate,Casino.OfferTrail.UpdateRequest,end_time,integer,1
offers/economy,AppClient,OfferTrailUpdate,Casino.OfferTrail.UpdateRequest,event_id,string,1
offers/economy,AppClient,OfferTrailUpdate,Casino.OfferTrail.UpdateRequest,tile[].free_offer.config_id,string,1
offers/economy,AppClient,OfferTrailUpdate,Casino.OfferTrail.UpdateRequest,tile[].free_offer.item[].metadata[].key,string,1
offers/economy,AppClient,OfferTrailUpdate,Casino.OfferTrail.UpdateRequest,tile[].free_offer.item[].metadata[].value,string,1
offers/economy,AppClient,OfferTrailUpdate,Casino.OfferTrail.UpdateRequest,tile[].free_offer.item[].source,string,1
offers/economy,AppClient,OfferTrailUpdate,Casino.OfferTrail.UpdateRequest,tile[].free_offer.item[].type,string,1
offers/economy,AppClient,OfferTrailUpdate,Casino.OfferTrail.UpdateRequest,tile[].free_offer.item[].value,string,1
offers/economy,AppClient,OfferTrailUpdate,Casino.OfferTrail.UpdateRequest,tile[].id,integer,1
offers/economy,AppClient,OfferTrailUpdate,Casino.OfferTrail.UpdateRequest,tile[].paid_offer.config_id,string,1
offers/economy,AppClient,OfferTrailUpdate,Casino.OfferTrail.UpdateRequest,tile[].paid_offer.created_at,integer,1
offers/economy,AppClient,OfferTrailUpdate,Casino.OfferTrail.UpdateRequest,tile[].paid_offer.item[].metadata[].key,string,1
offers/economy,AppClient,OfferTrailUpdate,Casino.OfferTrail.UpdateRequest,tile[].paid_offer.item[].metadata[].value,string,1
offers/economy,AppClient,OfferTrailUpdate,Casino.OfferTrail.UpdateRequest,tile[].paid_offer.item[].source,string,1
offers/economy,AppClient,OfferTrailUpdate,Casino.OfferTrail.UpdateRequest,tile[].paid_offer.item[].type,string,1
offers/economy,AppClient,OfferTrailUpdate,Casino.OfferTrail.UpdateRequest,tile[].paid_offer.item[].value,string,1
offers/economy,AppClient,OfferTrailUpdate,Casino.OfferTrail.UpdateRequest,tile[].paid_offer.metadata[].key,string,1
offers/economy,AppClient,OfferTrailUpdate,Casino.OfferTrail.UpdateRequest,tile[].paid_offer.metadata[].value,string,1
offers/economy,AppClient,OfferTrailUpdate,Casino.OfferTrail.UpdateRequest,tile[].paid_offer.product_id,string,1
offers/economy,AppClient,OfferTrailUpdate,Casino.OfferTrail.UpdateRequest,tile[].paid_offer.signature,string,1
offers/economy,AppClient,OfferTrailUpdate,Casino.OfferTrail.UpdateRequest,tile[].paid_offer.source,string,1
offers/economy,AppClient,UpdateDirectPurchaseOffer,Casino.UpdateDirectPurchaseOfferRequest,added[].full_screen.banner.cta_text,string,2
offers/economy,AppClient,UpdateDirectPurchaseOffer,Casino.UpdateDirectPurchaseOfferRequest,added[].full_screen.banner.url[],string,2
offers/economy,AppClient,UpdateDirectPurchaseOffer,Casino.UpdateDirectPurchaseOfferRequest,added[].full_screen.cooldown,integer,2
offers/economy,AppClient,UpdateDirectPurchaseOffer,Casino.UpdateDirectPurchaseOfferRequest,added[].full_screen.display_limit,integer,2
offers/economy,AppClient,UpdateDirectPurchaseOffer,Casino.UpdateDirectPurchaseOfferRequest,added[].full_screen.scenario[].display_priority,integer,2
offers/economy,AppClient,UpdateDirectPurchaseOffer,Casino.UpdateDirectPurchaseOfferRequest,added[].full_screen.scenario[].id,integer,2
offers/economy,AppClient,UpdateDirectPurchaseOffer,Casino.UpdateDirectPurchaseOfferRequest,added[].news_feed.banner.cta_text,string,1
offers/economy,AppClient,UpdateDirectPurchaseOffer,Casino.UpdateDirectPurchaseOfferRequest,added[].news_feed.banner.url[],string,1
offers/economy,AppClient,UpdateDirectPurchaseOffer,Casino.UpdateDirectPurchaseOfferRequest,added[].news_feed.display_priority,integer,1
offers/economy,AppClient,UpdateDirectPurchaseOffer,Casino.UpdateDirectPurchaseOfferRequest,added[].offer_base.expire,string,2
offers/economy,AppClient,UpdateDirectPurchaseOffer,Casino.UpdateDirectPurchaseOfferRequest,added[].offer_base.id.config_id,string,2
offers/economy,AppClient,UpdateDirectPurchaseOffer,Casino.UpdateDirectPurchaseOfferRequest,added[].offer_base.id.offer_type,integer,2
offers/economy,AppClient,UpdateDirectPurchaseOffer,Casino.UpdateDirectPurchaseOfferRequest,added[].offer_base.name,string,2
offers/economy,AppClient,UpdateDirectPurchaseOffer,Casino.UpdateDirectPurchaseOfferRequest,added[].offer_base.segment_id,string,2
offers/economy,AppClient,UpdateDirectPurchaseOffer,Casino.UpdateDirectPurchaseOfferRequest,added[].paid_offer.config_id,string,2
offers/economy,AppClient,UpdateDirectPurchaseOffer,Casino.UpdateDirectPurchaseOfferRequest,added[].paid_offer.created_at,integer,2
offers/economy,AppClient,UpdateDirectPurchaseOffer,Casino.UpdateDirectPurchaseOfferRequest,added[].paid_offer.item[].metadata[].key,string,1
offers/economy,AppClient,UpdateDirectPurchaseOffer,Casino.UpdateDirectPurchaseOfferRequest,added[].paid_offer.item[].metadata[].value,string,1
offers/economy,AppClient,UpdateDirectPurchaseOffer,Casino.UpdateDirectPurchaseOfferRequest,added[].paid_offer.item[].source,string,2
offers/economy,AppClient,UpdateDirectPurchaseOffer,Casino.UpdateDirectPurchaseOfferRequest,added[].paid_offer.item[].type,string,2
offers/economy,AppClient,UpdateDirectPurchaseOffer,Casino.UpdateDirectPurchaseOfferRequest,added[].paid_offer.item[].value,string,2
offers/economy,AppClient,UpdateDirectPurchaseOffer,Casino.UpdateDirectPurchaseOfferRequest,added[].paid_offer.metadata[].key,string,2
offers/economy,AppClient,UpdateDirectPurchaseOffer,Casino.UpdateDirectPurchaseOfferRequest,added[].paid_offer.metadata[].value,string,2
offers/economy,AppClient,UpdateDirectPurchaseOffer,Casino.UpdateDirectPurchaseOfferRequest,added[].paid_offer.product_id,string,2
offers/economy,AppClient,UpdateDirectPurchaseOffer,Casino.UpdateDirectPurchaseOfferRequest,added[].paid_offer.signature,string,2
offers/economy,AppClient,UpdateDirectPurchaseOffer,Casino.UpdateDirectPurchaseOfferRequest,added[].paid_offer.source,string,2
offers/economy,AppClient,UpdateDirectPurchaseOffer,Casino.UpdateDirectPurchaseOfferRequest,added[].product.product_id,string,2
offers/economy,AppClient,UpdateDirectPurchaseOffer,Casino.UpdateDirectPurchaseOfferRequest,added[].template_id,integer,2
offers/economy,AppClient,UpdateDirectPurchaseOffer,Casino.UpdateDirectPurchaseOfferRequest,added[].total_limit,integer,2
offers/economy,AppClient,UpdateDirectPurchaseOffer,Casino.UpdateDirectPurchaseOfferRequest,added[].total_used,integer,2
offers/economy,AppClient,UpdateDirectPurchaseOffer,Casino.UpdateDirectPurchaseOfferRequest,removed[].config_id,string,1
offers/economy,AppClient,UpdateDirectPurchaseOffer,Casino.UpdateDirectPurchaseOfferRequest,removed[].offer_type,integer,1
offers/economy,AppClient,UpdateGift,Casino.UpdateGiftRequest,free_gift_win_multiplier,number,5
offers/economy,AppClient,UpdateGift,Casino.UpdateGiftRequest,gift.expire,integer,5
offers/economy,AppClient,UpdateGift,Casino.UpdateGiftRequest,gift.gift_id,integer,5
offers/economy,AppClient,UpdateGift,Casino.UpdateGiftRequest,receiver[].replace_previous_gift,boolean,5
offers/economy,AppClient,UpdateGift,Casino.UpdateGiftRequest,receiver[].user_id,string,5
offers/economy,AppClient,UpdateGift,Casino.UpdateGiftRequest,sender_user_id,string,5
offers/economy,AppClient,UpdateNextMysteryReward,Casino.UpdateNextMysteryRewardRequest,next_mystery_reward.level,string,3
offers/economy,AppClient,UpdateNextMysteryReward,Casino.UpdateNextMysteryRewardRequest,next_mystery_reward.rewards[].big_chips_delta.value,string,3
offers/economy,AppClient,UpdateNextMysteryReward,Casino.UpdateNextMysteryRewardRequest,next_mystery_reward.rewards[].charms_trade_token_delta,integer,3
offers/economy,AppClient,UpdateNextMysteryReward,Casino.UpdateNextMysteryRewardRequest,next_mystery_reward.rewards[].chips_delta,string,3
offers/economy,AppClient,UpdateNextMysteryReward,Casino.UpdateNextMysteryRewardRequest,next_mystery_reward.rewards[].collectibles_box.box_id,integer,3
offers/economy,AppClient,UpdateNextMysteryReward,Casino.UpdateNextMysteryRewardRequest,next_mystery_reward.rewards[].collectibles_box.box_type,integer,3
offers/economy,AppClient,UpdateNextMysteryReward,Casino.UpdateNextMysteryRewardRequest,next_mystery_reward.rewards[].collectibles_box.raffle_id,string,3
offers/economy,AppClient,UpdateNextMysteryReward,Casino.UpdateNextMysteryRewardRequest,next_mystery_reward.rewards[].collectibles_box.source,integer,3
offers/economy,AppClient,UpdateNextMysteryReward,Casino.UpdateNextMysteryRewardRequest,next_mystery_reward.rewards[].collectibles_box.theme_id,integer,3
offers/economy,AppClient,UpdateNextMysteryReward,Casino.UpdateNextMysteryRewardRequest,next_mystery_reward.rewards[].collectibles_box.type,integer,3
offers/economy,AppClient,UpdateNextMysteryReward,Casino.UpdateNextMysteryRewardRequest,next_mystery_reward.rewards[].collectibles_box_info.box_id,integer,3
offers/economy,AppClient,UpdateNextMysteryReward,Casino.UpdateNextMysteryRewardRequest,next_mystery_reward.rewards[].collectibles_box_info.box_type,integer,3
offers/economy,AppClient,UpdateNextMysteryReward,Casino.UpdateNextMysteryRewardRequest,next_mystery_reward.rewards[].collectibles_box_info.event_type,integer,3
offers/economy,AppClient,UpdateNextMysteryReward,Casino.UpdateNextMysteryRewardRequest,next_mystery_reward.rewards[].collectibles_box_info.highest_guaranteed_rarity,integer,3
offers/economy,AppClient,UpdateNextMysteryReward,Casino.UpdateNextMysteryRewardRequest,next_mystery_reward.rewards[].collectibles_box_info.highest_guaranteed_rarity_items_count,integer,3
offers/economy,AppClient,UpdateNextMysteryReward,Casino.UpdateNextMysteryRewardRequest,next_mystery_reward.rewards[].collectibles_box_info.items_count,integer,3
offers/economy,AppClient,UpdateNextMysteryReward,Casino.UpdateNextMysteryRewardRequest,next_mystery_reward.rewards[].id,integer,3
offers/economy,AppClient,UpdateNextMysteryReward,Casino.UpdateNextMysteryRewardRequest,next_mystery_reward.rewards[].inventory_delta.amount,string,3
offers/economy,AppClient,UpdateNextMysteryReward,Casino.UpdateNextMysteryRewardRequest,next_mystery_reward.rewards[].inventory_delta.id,integer,3
offers/economy,AppClient,UpdateNextMysteryReward,Casino.UpdateNextMysteryRewardRequest,next_mystery_reward.rewards[].mystery_reward_level,string,3
offers/economy,AppClient,UpdatePersonalOfferGlobals,Casino.UpdatePersonalOfferGlobalsRequest,personal_offer_globals.cta_button_text,string,1
offers/economy,AppClient,UpdatePersonalOfferGlobals,Casino.UpdatePersonalOfferGlobalsRequest,personal_offer_globals.min_time_to_start,integer,1
offers/economy,AppClient,UpdatePersonalOfferGlobals,Casino.UpdatePersonalOfferGlobalsRequest,personal_offer_globals.reappear_timer,integer,1
offers/economy,AppClient,UpdatePersonalOfferGlobals,Casino.UpdatePersonalOfferGlobalsRequest,personal_offer_globals.time_on_screen,integer,1
offers/economy,AppClient,UpdateShop,Casino.UpdateShopRequest,dci_config_info.identifier.config_id,string,69
offers/economy,AppClient,UpdateShop,Casino.UpdateShopRequest,dci_config_info.identifier.flags,string,69
offers/economy,AppClient,UpdateShop,Casino.UpdateShopRequest,dci_config_info.segment_id,string,69
offers/economy,AppClient,UpdateShop,Casino.UpdateShopRequest,expected_next_purchase,integer,69
offers/economy,AppClient,UpdateShop,Casino.UpdateShopRequest,product[].bank_bonus_days,integer,69
offers/economy,AppClient,UpdateShop,Casino.UpdateShopRequest,product[].bank_bonus_type,integer,69
offers/economy,AppClient,UpdateShop,Casino.UpdateShopRequest,product[].custom_fields,object,69
offers/economy,AppClient,UpdateShop,Casino.UpdateShopRequest,product[].custom_fields.custom_field_1,string,69
offers/economy,AppClient,UpdateShop,Casino.UpdateShopRequest,product[].custom_fields.custom_field_3,string,69
offers/economy,AppClient,UpdateShop,Casino.UpdateShopRequest,product[].product_id,string,69
offers/economy,AppClient,UpdateShop,Casino.UpdateShopRequest,product[].reward_data[].big_value_for_money.value,string,69
offers/economy,AppClient,UpdateShop,Casino.UpdateShopRequest,product[].reward_data[].reward.big_chips_delta.value,string,69
offers/economy,AppClient,UpdateShop,Casino.UpdateShopRequest,product[].reward_data[].reward.charms_trade_token_delta,integer,69
offers/economy,AppClient,UpdateShop,Casino.UpdateShopRequest,product[].reward_data[].reward.chips_delta,string,69
offers/economy,AppClient,UpdateShop,Casino.UpdateShopRequest,product[].reward_data[].reward.collectibles_box.box_id,integer,69
offers/economy,AppClient,UpdateShop,Casino.UpdateShopRequest,product[].reward_data[].reward.collectibles_box.box_type,integer,69
offers/economy,AppClient,UpdateShop,Casino.UpdateShopRequest,product[].reward_data[].reward.collectibles_box.raffle_id,string,69
offers/economy,AppClient,UpdateShop,Casino.UpdateShopRequest,product[].reward_data[].reward.collectibles_box.source,integer,69
offers/economy,AppClient,UpdateShop,Casino.UpdateShopRequest,product[].reward_data[].reward.collectibles_box.theme_id,integer,69
offers/economy,AppClient,UpdateShop,Casino.UpdateShopRequest,product[].reward_data[].reward.collectibles_box.type,integer,69
offers/economy,AppClient,UpdateShop,Casino.UpdateShopRequest,product[].reward_data[].reward.collectibles_box_info.box_id,integer,69
offers/economy,AppClient,UpdateShop,Casino.UpdateShopRequest,product[].reward_data[].reward.collectibles_box_info.box_type,integer,69
offers/economy,AppClient,UpdateShop,Casino.UpdateShopRequest,product[].reward_data[].reward.collectibles_box_info.event_type,integer,69
offers/economy,AppClient,UpdateShop,Casino.UpdateShopRequest,product[].reward_data[].reward.collectibles_box_info.highest_guaranteed_rarity,integer,69
offers/economy,AppClient,UpdateShop,Casino.UpdateShopRequest,product[].reward_data[].reward.collectibles_box_info.highest_guaranteed_rarity_items_count,integer,69
offers/economy,AppClient,UpdateShop,Casino.UpdateShopRequest,product[].reward_data[].reward.collectibles_box_info.items_count,integer,69
offers/economy,AppClient,UpdateShop,Casino.UpdateShopRequest,product[].reward_data[].reward.diamonds_delta,string,69
offers/economy,AppClient,UpdateShop,Casino.UpdateShopRequest,product[].reward_data[].reward.extra_item_boost.time.duration,integer,69
offers/economy,AppClient,UpdateShop,Casino.UpdateShopRequest,product[].reward_data[].reward.extra_item_boost.time.expire_time,string,69
offers/economy,AppClient,UpdateShop,Casino.UpdateShopRequest,product[].reward_data[].reward.extra_item_boost.time.value,integer,69
offers/economy,AppClient,UpdateShop,Casino.UpdateShopRequest,product[].reward_data[].reward.extra_item_boost.type,integer,69
offers/economy,AppClient,UpdateShop,Casino.UpdateShopRequest,product[].reward_data[].reward.id,integer,69
offers/economy,AppClient,UpdateShop,Casino.UpdateShopRequest,product[].reward_data[].reward.loyalty_points,string,69
offers/economy,AppClient,UpdateShop,Casino.UpdateShopRequest,product[].reward_data[].share,number,69
offers/economy,AppClient,UpdateShop,Casino.UpdateShopRequest,product[].reward_data[].value_for_money,string,69
offers/economy,AppClient,UpdateShop,Casino.UpdateShopRequest,product[].tag[],integer,69
offers/economy,AppClient,UpdateShop,Casino.UpdateShopRequest,shop_promotion.dci_config_info.identifier.config_id,string,69
offers/economy,AppClient,UpdateShop,Casino.UpdateShopRequest,shop_promotion.dci_config_info.identifier.flags,string,69
offers/economy,AppClient,UpdateShop,Casino.UpdateShopRequest,shop_promotion.dci_config_info.segment_id,string,69
offers/economy,AppClient,UpdateShop,Casino.UpdateShopRequest,shop_promotion.expire,string,69
offers/economy,AppClient,UpdateShop,Casino.UpdateShopRequest,shop_promotion.promo_iap[].product_id,string,69
offers/economy,AppClient,UpdateShop,Casino.UpdateShopRequest,shop_promotion.promo_iap[].promo_reward[].d2c_percent,string,69
offers/economy,AppClient,UpdateShop,Casino.UpdateShopRequest,shop_promotion.promo_iap[].promo_reward[].multiplier,number,69
offers/economy,AppClient,UpdateShop,Casino.UpdateShopRequest,shop_promotion.promo_iap[].promo_reward[].percent,string,69
offers/economy,AppClient,UpdateShop,Casino.UpdateShopRequest,shop_promotion.promo_iap[].promo_reward[].reward.big_chips_delta.value,string,69
offers/economy,AppClient,UpdateShop,Casino.UpdateShopRequest,shop_promotion.promo_iap[].promo_reward[].reward.charms_trade_token_delta,integer,69
offers/economy,AppClient,UpdateShop,Casino.UpdateShopRequest,shop_promotion.promo_iap[].promo_reward[].reward.chips_delta,string,69
offers/economy,AppClient,UpdateShop,Casino.UpdateShopRequest,shop_promotion.promo_iap[].promo_reward[].reward.collectibles_box.box_id,integer,69
offers/economy,AppClient,UpdateShop,Casino.UpdateShopRequest,shop_promotion.promo_iap[].promo_reward[].reward.collectibles_box.box_type,integer,69
offers/economy,AppClient,UpdateShop,Casino.UpdateShopRequest,shop_promotion.promo_iap[].promo_reward[].reward.collectibles_box.raffle_id,string,69
offers/economy,AppClient,UpdateShop,Casino.UpdateShopRequest,shop_promotion.promo_iap[].promo_reward[].reward.collectibles_box.source,integer,69
offers/economy,AppClient,UpdateShop,Casino.UpdateShopRequest,shop_promotion.promo_iap[].promo_reward[].reward.collectibles_box.theme_id,integer,69
offers/economy,AppClient,UpdateShop,Casino.UpdateShopRequest,shop_promotion.promo_iap[].promo_reward[].reward.collectibles_box.type,integer,69
offers/economy,AppClient,UpdateShop,Casino.UpdateShopRequest,shop_promotion.promo_iap[].promo_reward[].reward.collectibles_box_info.box_id,integer,69
offers/economy,AppClient,UpdateShop,Casino.UpdateShopRequest,shop_promotion.promo_iap[].promo_reward[].reward.collectibles_box_info.box_type,integer,69
offers/economy,AppClient,UpdateShop,Casino.UpdateShopRequest,shop_promotion.promo_iap[].promo_reward[].reward.collectibles_box_info.event_type,integer,69
offers/economy,AppClient,UpdateShop,Casino.UpdateShopRequest,shop_promotion.promo_iap[].promo_reward[].reward.collectibles_box_info.highest_guaranteed_rarity,integer,69
offers/economy,AppClient,UpdateShop,Casino.UpdateShopRequest,shop_promotion.promo_iap[].promo_reward[].reward.collectibles_box_info.highest_guaranteed_rarity_items_count,integer,69
offers/economy,AppClient,UpdateShop,Casino.UpdateShopRequest,shop_promotion.promo_iap[].promo_reward[].reward.collectibles_box_info.items_count,integer,69
offers/economy,AppClient,UpdateShop,Casino.UpdateShopRequest,shop_promotion.promo_iap[].promo_reward[].reward.d2c_chips.value,string,69
offers/economy,AppClient,UpdateShop,Casino.UpdateShopRequest,shop_promotion.promo_iap[].promo_reward[].reward.extra_item_boost.time.duration,integer,69
offers/economy,AppClient,UpdateShop,Casino.UpdateShopRequest,shop_promotion.promo_iap[].promo_reward[].reward.extra_item_boost.time.expire_time,string,69
offers/economy,AppClient,UpdateShop,Casino.UpdateShopRequest,shop_promotion.promo_iap[].promo_reward[].reward.extra_item_boost.time.value,integer,69
offers/economy,AppClient,UpdateShop,Casino.UpdateShopRequest,shop_promotion.promo_iap[].promo_reward[].reward.extra_item_boost.type,integer,69
offers/economy,AppClient,UpdateShop,Casino.UpdateShopRequest,shop_promotion.promo_iap[].promo_reward[].reward.id,integer,69
offers/economy,AppClient,UpdateShop,Casino.UpdateShopRequest,shop_promotion.promo_iap[].promo_reward[].reward.loyalty_points,string,69
offers/economy,AppClient,UpdateShop,Casino.UpdateShopResponse,identifier.config_id,string,69
offers/economy,AppClient,UpdateShop,Casino.UpdateShopResponse,identifier.flags,string,69
offers/economy,AppClient,UpdateShop,Casino.UpdateShopResponse,status,string,69
offers/economy,AppServer,CollectMysteryReward,Casino.CollectMysteryRewardResponse,mystery_pending_rewards,integer,9
offers/economy,AppServer,CollectMysteryReward,Casino.CollectMysteryRewardResponse,mystery_reward_level,string,9
offers/economy,AppServer,CollectMysteryReward,Casino.CollectMysteryRewardResponse,next_mystery_reward.level,string,9
offers/economy,AppServer,CollectMysteryReward,Casino.CollectMysteryRewardResponse,next_mystery_reward.rewards[].big_chips_delta.value,string,9
offers/economy,AppServer,CollectMysteryReward,Casino.CollectMysteryRewardResponse,next_mystery_reward.rewards[].charms_trade_token_delta,integer,9
offers/economy,AppServer,CollectMysteryReward,Casino.CollectMysteryRewardResponse,next_mystery_reward.rewards[].chips_delta,string,9
offers/economy,AppServer,CollectMysteryReward,Casino.CollectMysteryRewardResponse,next_mystery_reward.rewards[].collectibles_box.box_id,integer,9
offers/economy,AppServer,CollectMysteryReward,Casino.CollectMysteryRewardResponse,next_mystery_reward.rewards[].collectibles_box.box_type,integer,9
offers/economy,AppServer,CollectMysteryReward,Casino.CollectMysteryRewardResponse,next_mystery_reward.rewards[].collectibles_box.raffle_id,string,9
offers/economy,AppServer,CollectMysteryReward,Casino.CollectMysteryRewardResponse,next_mystery_reward.rewards[].collectibles_box.source,integer,9
offers/economy,AppServer,CollectMysteryReward,Casino.CollectMysteryRewardResponse,next_mystery_reward.rewards[].collectibles_box.theme_id,integer,9
offers/economy,AppServer,CollectMysteryReward,Casino.CollectMysteryRewardResponse,next_mystery_reward.rewards[].collectibles_box.type,integer,9
offers/economy,AppServer,CollectMysteryReward,Casino.CollectMysteryRewardResponse,next_mystery_reward.rewards[].collectibles_box_info.box_id,integer,9
offers/economy,AppServer,CollectMysteryReward,Casino.CollectMysteryRewardResponse,next_mystery_reward.rewards[].collectibles_box_info.box_type,integer,9
offers/economy,AppServer,CollectMysteryReward,Casino.CollectMysteryRewardResponse,next_mystery_reward.rewards[].collectibles_box_info.event_type,integer,9
offers/economy,AppServer,CollectMysteryReward,Casino.CollectMysteryRewardResponse,next_mystery_reward.rewards[].collectibles_box_info.highest_guaranteed_rarity,integer,9
offers/economy,AppServer,CollectMysteryReward,Casino.CollectMysteryRewardResponse,next_mystery_reward.rewards[].collectibles_box_info.highest_guaranteed_rarity_items_count,integer,9
offers/economy,AppServer,CollectMysteryReward,Casino.CollectMysteryRewardResponse,next_mystery_reward.rewards[].collectibles_box_info.items_count,integer,9
offers/economy,AppServer,CollectMysteryReward,Casino.CollectMysteryRewardResponse,next_mystery_reward.rewards[].id,integer,9
offers/economy,AppServer,CollectMysteryReward,Casino.CollectMysteryRewardResponse,next_mystery_reward.rewards[].inventory_delta.amount,string,9
offers/economy,AppServer,CollectMysteryReward,Casino.CollectMysteryRewardResponse,next_mystery_reward.rewards[].inventory_delta.id,integer,9
offers/economy,AppServer,CollectMysteryReward,Casino.CollectMysteryRewardResponse,next_mystery_reward.rewards[].mystery_reward_level,string,9
offers/economy,AppServer,CollectMysteryReward,Casino.CollectMysteryRewardResponse,rewards_data.reward[].big_chips_delta.value,string,9
offers/economy,AppServer,CollectMysteryReward,Casino.CollectMysteryRewardResponse,rewards_data.reward[].charms_trade_token_delta,integer,9
offers/economy,AppServer,CollectMysteryReward,Casino.CollectMysteryRewardResponse,rewards_data.reward[].chips_delta,string,9
offers/economy,AppServer,CollectMysteryReward,Casino.CollectMysteryRewardResponse,rewards_data.reward[].collectibles_box.box_id,integer,9
offers/economy,AppServer,CollectMysteryReward,Casino.CollectMysteryRewardResponse,rewards_data.reward[].collectibles_box.box_type,integer,9
offers/economy,AppServer,CollectMysteryReward,Casino.CollectMysteryRewardResponse,rewards_data.reward[].collectibles_box.raffle_id,string,9
offers/economy,AppServer,CollectMysteryReward,Casino.CollectMysteryRewardResponse,rewards_data.reward[].collectibles_box.source,integer,9
offers/economy,AppServer,CollectMysteryReward,Casino.CollectMysteryRewardResponse,rewards_data.reward[].collectibles_box.theme_id,integer,9
offers/economy,AppServer,CollectMysteryReward,Casino.CollectMysteryRewardResponse,rewards_data.reward[].collectibles_box.type,integer,9
offers/economy,AppServer,CollectMysteryReward,Casino.CollectMysteryRewardResponse,rewards_data.reward[].collectibles_box_info.box_id,integer,9
offers/economy,AppServer,CollectMysteryReward,Casino.CollectMysteryRewardResponse,rewards_data.reward[].collectibles_box_info.box_type,integer,9
offers/economy,AppServer,CollectMysteryReward,Casino.CollectMysteryRewardResponse,rewards_data.reward[].collectibles_box_info.event_type,integer,9
offers/economy,AppServer,CollectMysteryReward,Casino.CollectMysteryRewardResponse,rewards_data.reward[].collectibles_box_info.highest_guaranteed_rarity,integer,9
offers/economy,AppServer,CollectMysteryReward,Casino.CollectMysteryRewardResponse,rewards_data.reward[].collectibles_box_info.highest_guaranteed_rarity_items_count,integer,9
offers/economy,AppServer,CollectMysteryReward,Casino.CollectMysteryRewardResponse,rewards_data.reward[].collectibles_box_info.items_count,integer,9
offers/economy,AppServer,CollectMysteryReward,Casino.CollectMysteryRewardResponse,rewards_data.reward[].id,integer,9
offers/economy,AppServer,CollectMysteryReward,Casino.CollectMysteryRewardResponse,rewards_data.reward[].inventory_delta.amount,string,9
offers/economy,AppServer,CollectMysteryReward,Casino.CollectMysteryRewardResponse,rewards_data.reward[].inventory_delta.id,integer,9
offers/economy,AppServer,CollectMysteryReward,Casino.CollectMysteryRewardResponse,rewards_data.reward[].mystery_reward_level,string,9
offers/economy,AppServer,CollectMysteryReward,Casino.CollectMysteryRewardResponse,rewards_data.state_info.extra_items.extra_items[].type,integer,9
offers/economy,AppServer,CollectMysteryReward,Casino.CollectMysteryRewardResponse,rewards_data.state_info.extra_items.extra_items[].value[].level.levels_amount,integer,5
offers/economy,AppServer,CollectMysteryReward,Casino.CollectMysteryRewardResponse,rewards_data.state_info.extra_items.extra_items[].value[].level.target_level,integer,5
offers/economy,AppServer,CollectMysteryReward,Casino.CollectMysteryRewardResponse,rewards_data.state_info.extra_items.extra_items[].value[].level.value,integer,5
offers/economy,AppServer,CollectMysteryReward,Casino.CollectMysteryRewardResponse,rewards_data.state_info.extra_items.extra_items[].value[].time.duration,integer,5
offers/economy,AppServer,CollectMysteryReward,Casino.CollectMysteryRewardResponse,rewards_data.state_info.extra_items.extra_items[].value[].time.expire_time,string,4
offers/economy,AppServer,CollectMysteryReward,Casino.CollectMysteryRewardResponse,rewards_data.state_info.extra_items.extra_items[].value[].time.value,integer,5
offers/economy,AppServer,CollectMysteryReward,Casino.CollectMysteryRewardResponse,rewards_data.state_info.extra_items.extra_items[].value[].type,integer,9
offers/economy,AppServer,CollectMysteryReward,Casino.CollectMysteryRewardResponse,status,string,63
offers/economy,AppServer,StartPersonalOffer,Casino.StartPersonalOfferRequest,id.config_id,string,1
offers/economy,AppServer,StartPersonalOffer,Casino.StartPersonalOfferRequest,id.offer_type,integer,1
offers/economy,AppServer,StartPersonalOffer,Casino.StartPersonalOfferRequest,paid_offer.config_id,string,1
offers/economy,AppServer,StartPersonalOffer,Casino.StartPersonalOfferRequest,paid_offer.created_at,integer,1
offers/economy,AppServer,StartPersonalOffer,Casino.StartPersonalOfferRequest,paid_offer.item[].metadata[].key,string,1
offers/economy,AppServer,StartPersonalOffer,Casino.StartPersonalOfferRequest,paid_offer.item[].metadata[].value,string,1
offers/economy,AppServer,StartPersonalOffer,Casino.StartPersonalOfferRequest,paid_offer.item[].source,string,1
offers/economy,AppServer,StartPersonalOffer,Casino.StartPersonalOfferRequest,paid_offer.item[].type,string,1
offers/economy,AppServer,StartPersonalOffer,Casino.StartPersonalOfferRequest,paid_offer.item[].value,string,1
offers/economy,AppServer,StartPersonalOffer,Casino.StartPersonalOfferRequest,paid_offer.metadata[].key,string,1
offers/economy,AppServer,StartPersonalOffer,Casino.StartPersonalOfferRequest,paid_offer.metadata[].value,string,1
offers/economy,AppServer,StartPersonalOffer,Casino.StartPersonalOfferRequest,paid_offer.product_id,string,1
offers/economy,AppServer,StartPersonalOffer,Casino.StartPersonalOfferRequest,paid_offer.signature,string,1
offers/economy,AppServer,StartPersonalOffer,Casino.StartPersonalOfferRequest,paid_offer.source,string,1
offers/economy,AppServer,StartPersonalOffer,Casino.StartPersonalOfferRequest,scenario,integer,1
offers/economy,AppServer,StartPersonalOffer,Casino.StartPersonalOfferResponse,status,string,1
offers/economy,AppServer,TriggerDirectPurchaseOffer,Casino.TriggerDirectPurchaseOfferRequest,id.config_id,string,1
offers/economy,AppServer,TriggerDirectPurchaseOffer,Casino.TriggerDirectPurchaseOfferRequest,id.offer_type,integer,1
offers/economy,AppServer,TriggerDirectPurchaseOffer,Casino.TriggerDirectPurchaseOfferRequest,paid_offer.config_id,string,1
offers/economy,AppServer,TriggerDirectPurchaseOffer,Casino.TriggerDirectPurchaseOfferRequest,paid_offer.created_at,integer,1
offers/economy,AppServer,TriggerDirectPurchaseOffer,Casino.TriggerDirectPurchaseOfferRequest,paid_offer.item[].metadata[].key,string,1
offers/economy,AppServer,TriggerDirectPurchaseOffer,Casino.TriggerDirectPurchaseOfferRequest,paid_offer.item[].metadata[].value,string,1
offers/economy,AppServer,TriggerDirectPurchaseOffer,Casino.TriggerDirectPurchaseOfferRequest,paid_offer.item[].source,string,1
offers/economy,AppServer,TriggerDirectPurchaseOffer,Casino.TriggerDirectPurchaseOfferRequest,paid_offer.item[].type,string,1
offers/economy,AppServer,TriggerDirectPurchaseOffer,Casino.TriggerDirectPurchaseOfferRequest,paid_offer.item[].value,string,1
offers/economy,AppServer,TriggerDirectPurchaseOffer,Casino.TriggerDirectPurchaseOfferRequest,paid_offer.metadata[].key,string,1
offers/economy,AppServer,TriggerDirectPurchaseOffer,Casino.TriggerDirectPurchaseOfferRequest,paid_offer.metadata[].value,string,1
offers/economy,AppServer,TriggerDirectPurchaseOffer,Casino.TriggerDirectPurchaseOfferRequest,paid_offer.product_id,string,1
offers/economy,AppServer,TriggerDirectPurchaseOffer,Casino.TriggerDirectPurchaseOfferRequest,paid_offer.signature,string,1
offers/economy,AppServer,TriggerDirectPurchaseOffer,Casino.TriggerDirectPurchaseOfferRequest,paid_offer.source,string,1
offers/economy,AppServer,TriggerDirectPurchaseOffer,Casino.TriggerDirectPurchaseOfferResponse,status,string,1
other/unknown,AdventureClient,AdventureUpdate,Casino.AdventureUpdateRequest,art_config.expiration_date,string,1
other/unknown,AdventureClient,AdventureUpdate,Casino.AdventureUpdateRequest,art_config.package[].path,string,1
other/unknown,AdventureClient,AdventureUpdate,Casino.AdventureUpdateRequest,art_config.package[].reskin_name,string,1
other/unknown,AdventureClient,AdventureUpdate,Casino.AdventureUpdateRequest,art_config.package[].type,string,1
other/unknown,AdventureClient,AdventureUpdate,Casino.AdventureUpdateRequest,art_config.package[].version,integer,1
other/unknown,AdventureClient,AdventureUpdate,Casino.AdventureUpdateRequest,background[].background_id,integer,1
other/unknown,AdventureClient,AdventureUpdate,Casino.AdventureUpdateRequest,background[].phase_id,integer,1
other/unknown,AdventureClient,AdventureUpdate,Casino.AdventureUpdateRequest,event_id,string,1
other/unknown,AdventureClient,AdventureUpdate,Casino.AdventureUpdateRequest,expire_timestamp_in_seconds,string,1
other/unknown,AdventureClient,AdventureUpdate,Casino.AdventureUpdateRequest,item[].metadata[].key,string,1
other/unknown,AdventureClient,AdventureUpdate,Casino.AdventureUpdateRequest,item[].metadata[].value,string,1
other/unknown,AdventureClient,AdventureUpdate,Casino.AdventureUpdateRequest,item[].source,string,1
other/unknown,AdventureClient,AdventureUpdate,Casino.AdventureUpdateRequest,item[].type,string,1
other/unknown,AdventureClient,AdventureUpdate,Casino.AdventureUpdateRequest,item[].value,string,1
other/unknown,AdventureClient,AdventureUpdate,Casino.AdventureUpdateRequest,phase_id,integer,1
other/unknown,AdventureClient,AdventureUpdate,Casino.AdventureUpdateRequest,status,string,1
other/unknown,AdventureClient,AdventureUpdate,Casino.AdventureUpdateRequest,theme_id,integer,1
other/unknown,AdventureServer,AdventureGetActivePhase,Casino.AdventureActivePhaseRequest,theme_id,integer,1
other/unknown,AdventureServer,AdventureGetActivePhase,Casino.AdventureActivePhaseResponse,difficulties.difficulty[].id,integer,1
other/unknown,AdventureServer,AdventureGetActivePhase,Casino.AdventureActivePhaseResponse,difficulties.difficulty[].item[].metadata[].key,string,1
other/unknown,AdventureServer,AdventureGetActivePhase,Casino.AdventureActivePhaseResponse,difficulties.difficulty[].item[].metadata[].value,string,1
other/unknown,AdventureServer,AdventureGetActivePhase,Casino.AdventureActivePhaseResponse,difficulties.difficulty[].item[].source,string,1
other/unknown,AdventureServer,AdventureGetActivePhase,Casino.AdventureActivePhaseResponse,difficulties.difficulty[].item[].type,string,1
other/unknown,AdventureServer,AdventureGetActivePhase,Casino.AdventureActivePhaseResponse,difficulties.difficulty[].item[].value,string,1
other/unknown,AdventureServer,AdventureGetActivePhase,Casino.AdventureActivePhaseResponse,difficulties.difficulty[].min_bet.value,string,1
other/unknown,AdventureServer,AdventureGetActivePhase,Casino.AdventureActivePhaseResponse,phase_id,integer,1
other/unknown,AdventureServer,AdventureGetActivePhase,Casino.AdventureActivePhaseResponse,show_intro,boolean,1
other/unknown,AdventureServer,AdventureGetActivePhase,Casino.AdventureActivePhaseResponse,status,string,1
other/unknown,AppClient,AddDciEvent,Casino.AddDciEventRequest,charms.art_config.expiration_date,string,5
other/unknown,AppClient,AddDciEvent,Casino.AddDciEventRequest,charms.art_config.package[].path,string,5
other/unknown,AppClient,AddDciEvent,Casino.AddDciEventRequest,charms.art_config.package[].reskin_name,string,5
other/unknown,AppClient,AddDciEvent,Casino.AddDciEventRequest,charms.art_config.package[].type,string,5
other/unknown,AppClient,AddDciEvent,Casino.AddDciEventRequest,charms.art_config.package[].version,integer,5
other/unknown,AppClient,AddDciEvent,Casino.AddDciEventRequest,charms.box_for_spin_config.bet_chance[].bet,string,5
other/unknown,AppClient,AddDciEvent,Casino.AddDciEventRequest,charms.box_for_spin_config.bet_chance[].chance,number,5
other/unknown,AppClient,AddDciEvent,Casino.AddDciEventRequest,charms.collectibles_statistics.collected_charms,integer,5
other/unknown,AppClient,AddDciEvent,Casino.AddDciEventRequest,charms.collectibles_statistics.collected_common_charms,integer,5
other/unknown,AppClient,AddDciEvent,Casino.AddDciEventRequest,charms.collectibles_statistics.collected_epic_charms,integer,5
other/unknown,AppClient,AddDciEvent,Casino.AddDciEventRequest,charms.collectibles_statistics.collected_legendary_charms,integer,5
other/unknown,AppClient,AddDciEvent,Casino.AddDciEventRequest,charms.collectibles_statistics.collected_rare_charms,integer,5
other/unknown,AppClient,AddDciEvent,Casino.AddDciEventRequest,charms.collectibles_statistics.collected_uncommon_charms,integer,5
other/unknown,AppClient,AddDciEvent,Casino.AddDciEventRequest,charms.collectibles_statistics.completed_sets,integer,5
other/unknown,AppClient,AddDciEvent,Casino.AddDciEventRequest,charms.collectibles_statistics.opened_boxes,integer,5
other/unknown,AppClient,AddDciEvent,Casino.AddDciEventRequest,charms.config_hbi_data[].config_identifier,string,5
other/unknown,AppClient,AddDciEvent,Casino.AddDciEventRequest,charms.config_hbi_data[].config_type,string,5
other/unknown,AppClient,AddDciEvent,Casino.AddDciEventRequest,charms.config_hbi_data[].hbi_data.id,string,5
other/unknown,AppClient,AddDciEvent,Casino.AddDciEventRequest,charms.difficulty,integer,5
other/unknown,AppClient,AddDciEvent,Casino.AddDciEventRequest,charms.duplicates_state.amount,integer,5
other/unknown,AppClient,AddDciEvent,Casino.AddDciEventRequest,charms.duplicates_state.requirement,integer,5
other/unknown,AppClient,AddDciEvent,Casino.AddDciEventRequest,charms.duplicates_state.reward[].collectibles_box.box_id,integer,5
other/unknown,AppClient,AddDciEvent,Casino.AddDciEventRequest,charms.duplicates_state.reward[].collectibles_box.box_type,integer,5
other/unknown,AppClient,AddDciEvent,Casino.AddDciEventRequest,charms.duplicates_state.reward[].collectibles_box.raffle_id,string,5
other/unknown,AppClient,AddDciEvent,Casino.AddDciEventRequest,charms.duplicates_state.reward[].collectibles_box.source,integer,5
other/unknown,AppClient,AddDciEvent,Casino.AddDciEventRequest,charms.duplicates_state.reward[].collectibles_box.theme_id,integer,5
other/unknown,AppClient,AddDciEvent,Casino.AddDciEventRequest,charms.duplicates_state.reward[].collectibles_box.type,integer,5
other/unknown,AppClient,AddDciEvent,Casino.AddDciEventRequest,charms.duplicates_state.reward[].collectibles_box_info.box_id,integer,5
other/unknown,AppClient,AddDciEvent,Casino.AddDciEventRequest,charms.duplicates_state.reward[].collectibles_box_info.box_type,integer,5
other/unknown,AppClient,AddDciEvent,Casino.AddDciEventRequest,charms.duplicates_state.reward[].collectibles_box_info.event_type,integer,5
other/unknown,AppClient,AddDciEvent,Casino.AddDciEventRequest,charms.duplicates_state.reward[].collectibles_box_info.highest_guaranteed_rarity,integer,5
other/unknown,AppClient,AddDciEvent,Casino.AddDciEventRequest,charms.duplicates_state.reward[].collectibles_box_info.highest_guaranteed_rarity_items_count,integer,5
other/unknown,AppClient,AddDciEvent,Casino.AddDciEventRequest,charms.duplicates_state.reward[].collectibles_box_info.items_count,integer,5
other/unknown,AppClient,AddDciEvent,Casino.AddDciEventRequest,charms.duplicates_state.reward[].id,integer,5
other/unknown,AppClient,AddDciEvent,Casino.AddDciEventRequest,charms.item[].amount,integer,5
other/unknown,AppClient,AddDciEvent,Casino.AddDciEventRequest,charms.item[].first_time,boolean,5
other/unknown,AppClient,AddDciEvent,Casino.AddDciEventRequest,charms.item[].id,integer,5
other/unknown,AppClient,AddDciEvent,Casino.AddDciEventRequest,charms.item[].level,integer,5
other/unknown,AppClient,AddDciEvent,Casino.AddDciEventRequest,charms.item[].name,string,5
other/unknown,AppClient,AddDciEvent,Casino.AddDciEventRequest,charms.item[].rarity,integer,5
other/unknown,AppClient,AddDciEvent,Casino.AddDciEventRequest,charms.item[].set_id,integer,5
other/unknown,AppClient,AddDciEvent,Casino.AddDciEventRequest,charms.number_of_resets,integer,5
other/unknown,AppClient,AddDciEvent,Casino.AddDciEventRequest,charms.primary_data.theme_id,integer,5
other/unknown,AppClient,AddDciEvent,Casino.AddDciEventRequest,charms.primary_data.theme_level,integer,5
other/unknown,AppClient,AddDciEvent,Casino.AddDciEventRequest,charms.progress_data.milestone.expire,string,5
other/unknown,AppClient,AddDciEvent,Casino.AddDciEventRequest,charms.progress_data.milestone.id,integer,5
other/unknown,AppClient,AddDciEvent,Casino.AddDciEventRequest,charms.progress_data.packs_info.info[].box_type,integer,5
other/unknown,AppClient,AddDciEvent,Casino.AddDciEventRequest,charms.progress_data.packs_info.info[].first_box.box_id,integer,5
other/unknown,AppClient,AddDciEvent,Casino.AddDciEventRequest,charms.progress_data.packs_info.info[].first_box.box_type,integer,5
other/unknown,AppClient,AddDciEvent,Casino.AddDciEventRequest,charms.progress_data.packs_info.info[].first_box.raffle_id,string,5
other/unknown,AppClient,AddDciEvent,Casino.AddDciEventRequest,charms.progress_data.packs_info.info[].first_box.source,integer,5
other/unknown,AppClient,AddDciEvent,Casino.AddDciEventRequest,charms.progress_data.packs_info.info[].first_box.theme_id,integer,5
other/unknown,AppClient,AddDciEvent,Casino.AddDciEventRequest,charms.progress_data.packs_info.info[].first_box.type,integer,5
other/unknown,AppClient,AddDciEvent,Casino.AddDciEventRequest,charms.progress_data.packs_info.info[].number_of_boxes,integer,5
other/unknown,AppClient,AddDciEvent,Casino.AddDciEventRequest,charms.progress_data.trading_info.trade_token_quantity,integer,5
other/unknown,AppClient,AddDciEvent,Casino.AddDciEventRequest,charms.progress_data.trading_info.trades_left,integer,5
other/unknown,AppClient,AddDciEvent,Casino.AddDciEventRequest,charms.progress_data.trading_info.trades_reset_timer,string,5
other/unknown,AppClient,AddDciEvent,Casino.AddDciEventRequest,charms.progress_data.trading_info.trading_group_id,string,5
other/unknown,AppClient,AddDciEvent,Casino.AddDciEventRequest,charms.set[].id,integer,5
other/unknown,AppClient,AddDciEvent,Casino.AddDciEventRequest,charms.set[].level,integer,5
other/unknown,AppClient,AddDciEvent,Casino.AddDciEventRequest,charms.set[].milestone,integer,5
other/unknown,AppClient,AddDciEvent,Casino.AddDciEventRequest,charms.set[].name,string,5
other/unknown,AppClient,AddDciEvent,Casino.AddDciEventRequest,charms.set_reward[].id,integer,5
other/unknown,AppClient,AddDciEvent,Casino.AddDciEventRequest,charms.set_reward[].level,integer,5
other/unknown,AppClient,AddDciEvent,Casino.AddDciEventRequest,charms.set_reward[].promo,boolean,5
other/unknown,AppClient,AddDciEvent,Casino.AddDciEventRequest,charms.set_reward[].reward[].big_chips_delta.value,string,5
other/unknown,AppClient,AddDciEvent,Casino.AddDciEventRequest,charms.set_reward[].reward[].charms_trade_token_delta,integer,5
other/unknown,AppClient,AddDciEvent,Casino.AddDciEventRequest,charms.set_reward[].reward[].chips_delta,string,5
other/unknown,AppClient,AddDciEvent,Casino.AddDciEventRequest,charms.set_reward[].reward[].collectibles_box.box_id,integer,5
other/unknown,AppClient,AddDciEvent,Casino.AddDciEventRequest,charms.set_reward[].reward[].collectibles_box.box_type,integer,5
other/unknown,AppClient,AddDciEvent,Casino.AddDciEventRequest,charms.set_reward[].reward[].collectibles_box.raffle_id,string,5
other/unknown,AppClient,AddDciEvent,Casino.AddDciEventRequest,charms.set_reward[].reward[].collectibles_box.source,integer,5
other/unknown,AppClient,AddDciEvent,Casino.AddDciEventRequest,charms.set_reward[].reward[].collectibles_box.theme_id,integer,5
other/unknown,AppClient,AddDciEvent,Casino.AddDciEventRequest,charms.set_reward[].reward[].collectibles_box.type,integer,5
other/unknown,AppClient,AddDciEvent,Casino.AddDciEventRequest,charms.set_reward[].reward[].collectibles_box_info.box_id,integer,5
other/unknown,AppClient,AddDciEvent,Casino.AddDciEventRequest,charms.set_reward[].reward[].collectibles_box_info.box_type,integer,5
other/unknown,AppClient,AddDciEvent,Casino.AddDciEventRequest,charms.set_reward[].reward[].collectibles_box_info.event_type,integer,5
other/unknown,AppClient,AddDciEvent,Casino.AddDciEventRequest,charms.set_reward[].reward[].collectibles_box_info.highest_guaranteed_rarity,integer,5
other/unknown,AppClient,AddDciEvent,Casino.AddDciEventRequest,charms.set_reward[].reward[].collectibles_box_info.highest_guaranteed_rarity_items_count,integer,5
other/unknown,AppClient,AddDciEvent,Casino.AddDciEventRequest,charms.set_reward[].reward[].collectibles_box_info.items_count,integer,5
other/unknown,AppClient,AddDciEvent,Casino.AddDciEventRequest,charms.set_reward[].reward[].id,integer,5
other/unknown,AppClient,AddDciEvent,Casino.AddDciEventRequest,charms.set_reward[].reward[].inventory_delta.id,integer,5
other/unknown,AppClient,AddDciEvent,Casino.AddDciEventRequest,charms.set_reward[].reward[].inventory_delta.level,integer,5
other/unknown,AppClient,AddDciEvent,Casino.AddDciEventRequest,charms.stars_per_rarity[].rarity,integer,5
other/unknown,AppClient,AddDciEvent,Casino.AddDciEventRequest,charms.stars_per_rarity[].stars_value,integer,5
other/unknown,AppClient,AddDciEvent,Casino.AddDciEventRequest,charms.theme_reward[].level,integer,5
other/unknown,AppClient,AddDciEvent,Casino.AddDciEventRequest,charms.theme_reward[].promo,boolean,5
other/unknown,AppClient,AddDciEvent,Casino.AddDciEventRequest,charms.theme_reward[].reward[].big_chips_delta.value,string,5
other/unknown,AppClient,AddDciEvent,Casino.AddDciEventRequest,charms.theme_reward[].reward[].chips_delta,string,5
other/unknown,AppClient,AddDciEvent,Casino.AddDciEventRequest,charms.theme_reward[].reward[].id,integer,5
other/unknown,AppClient,AddDciEvent,Casino.AddDciEventRequest,charms.theme_reward[].reward[].inventory_delta.id,integer,5
other/unknown,AppClient,AddDciEvent,Casino.AddDciEventRequest,charms.theme_reward[].reward[].inventory_delta.level,integer,5
other/unknown,AppClient,AddDciEvent,Casino.AddDciEventRequest,charms.trading.blocked_charms[],integer,5
other/unknown,AppClient,AddDciEvent,Casino.AddDciEventRequest,charms.trading.daily_limit,integer,5
other/unknown,AppClient,AddDciEvent,Casino.AddDciEventRequest,charms.trading.request_duration,integer,5
other/unknown,AppClient,AddDciEvent,Casino.AddDciEventRequest,charms.trading.token_delta_for_duplicate_charm[],integer,5
other/unknown,AppClient,AddDciEvent,Casino.AddDciEventRequest,charms.trading.token_delta_for_missing_charm[],integer,5
other/unknown,AppClient,AddDciEvent,Casino.AddDciEventRequest,charms.trading.token_delta_for_new_charm[],integer,5
other/unknown,AppClient,AddDciEvent,Casino.AddDciEventRequest,charms.trading.token_delta_for_request_creation[],integer,5
other/unknown,AppClient,AddDciEvent,Casino.AddDciEventRequest,charms.unlock_level,integer,5
other/unknown,AppClient,AddDciEvent,Casino.AddDciEventRequest,event_id,string,78
other/unknown,AppClient,AddDciEvent,Casino.AddDciEventRequest,expire,string,78
other/unknown,AppClient,AddDciEvent,Casino.AddDciEventRequest,hbi_data.custom_fields,object,78
other/unknown,AppClient,AddDciEvent,Casino.AddDciEventRequest,hbi_data.id,string,78
other/unknown,AppClient,AddDciEvent,Casino.AddDciEventRequest,lottery.art_config.expiration_date,string,68
other/unknown,AppClient,AddDciEvent,Casino.AddDciEventRequest,lottery.art_config.package[].path,string,68
other/unknown,AppClient,AddDciEvent,Casino.AddDciEventRequest,lottery.art_config.package[].reskin_name,string,68
other/unknown,AppClient,AddDciEvent,Casino.AddDciEventRequest,lottery.art_config.package[].type,string,68
other/unknown,AppClient,AddDciEvent,Casino.AddDciEventRequest,lottery.art_config.package[].version,integer,68
other/unknown,AppClient,AddDciEvent,Casino.AddDciEventRequest,lottery.bulk_play_cap,integer,68
other/unknown,AppClient,AddDciEvent,Casino.AddDciEventRequest,lottery.config_hbi_data[].config_identifier,string,68
other/unknown,AppClient,AddDciEvent,Casino.AddDciEventRequest,lottery.config_hbi_data[].config_type,string,68
other/unknown,AppClient,AddDciEvent,Casino.AddDciEventRequest,lottery.config_hbi_data[].hbi_data.id,string,68
other/unknown,AppClient,AddDciEvent,Casino.AddDciEventRequest,lottery.free_ticket.progress,integer,68
other/unknown,AppClient,AddDciEvent,Casino.AddDciEventRequest,lottery.free_ticket.threshold,integer,68
other/unknown,AppClient,AddDciEvent,Casino.AddDciEventRequest,lottery.free_ticket.ticket_color,string,68
other/unknown,AppClient,AddDciEvent,Casino.AddDciEventRequest,lottery.free_ticket_timestamp,integer,68
other/unknown,AppClient,AddDciEvent,Casino.AddDciEventRequest,lottery.lottery_multiplier.level,integer,68
other/unknown,AppClient,AddDciEvent,Casino.AddDciEventRequest,lottery.lottery_multiplier.multiplier,integer,68
other/unknown,AppClient,AddDciEvent,Casino.AddDciEventRequest,lottery.puzzle_board[].position,integer,68
other/unknown,AppClient,AddDciEvent,Casino.AddDciEventRequest,lottery.puzzle_board[].puzzle_color,string,68
other/unknown,AppClient,AddDciEvent,Casino.AddDciEventRequest,lottery.puzzle_board[].reward.big_chips_delta.value,string,68
other/unknown,AppClient,AddDciEvent,Casino.AddDciEventRequest,lottery.puzzle_board[].reward.chips_delta,string,68
other/unknown,AppClient,AddDciEvent,Casino.AddDciEventRequest,lottery.puzzle_board[].reward.id,integer,68
other/unknown,AppClient,AddDciEvent,Casino.AddDciEventRequest,lottery.show_tutorial,boolean,68
other/unknown,AppClient,AddDciEvent,Casino.AddDciEventRequest,lottery.ticket_balance[].amount,string,68
other/unknown,AppClient,AddDciEvent,Casino.AddDciEventRequest,lottery.ticket_balance[].id,integer,68
other/unknown,AppClient,AddDciEvent,Casino.AddDciEventRequest,lottery.ticket_reward[].reward[].reward[].big_chips_delta.value,string,68
other/unknown,AppClient,AddDciEvent,Casino.AddDciEventRequest,lottery.ticket_reward[].reward[].reward[].chips_delta,string,68
other/unknown,AppClient,AddDciEvent,Casino.AddDciEventRequest,lottery.ticket_reward[].reward[].reward[].collectibles_box.box_id,integer,68
other/unknown,AppClient,AddDciEvent,Casino.AddDciEventRequest,lottery.ticket_reward[].reward[].reward[].collectibles_box.box_type,integer,68
other/unknown,AppClient,AddDciEvent,Casino.AddDciEventRequest,lottery.ticket_reward[].reward[].reward[].collectibles_box.raffle_id,string,68
other/unknown,AppClient,AddDciEvent,Casino.AddDciEventRequest,lottery.ticket_reward[].reward[].reward[].collectibles_box.source,integer,68
other/unknown,AppClient,AddDciEvent,Casino.AddDciEventRequest,lottery.ticket_reward[].reward[].reward[].collectibles_box.theme_id,integer,68
other/unknown,AppClient,AddDciEvent,Casino.AddDciEventRequest,lottery.ticket_reward[].reward[].reward[].collectibles_box.type,integer,68
other/unknown,AppClient,AddDciEvent,Casino.AddDciEventRequest,lottery.ticket_reward[].reward[].reward[].collectibles_box_info.box_id,integer,68
other/unknown,AppClient,AddDciEvent,Casino.AddDciEventRequest,lottery.ticket_reward[].reward[].reward[].collectibles_box_info.box_type,integer,68
other/unknown,AppClient,AddDciEvent,Casino.AddDciEventRequest,lottery.ticket_reward[].reward[].reward[].collectibles_box_info.event_type,integer,68
other/unknown,AppClient,AddDciEvent,Casino.AddDciEventRequest,lottery.ticket_reward[].reward[].reward[].collectibles_box_info.highest_guaranteed_rarity,integer,68
other/unknown,AppClient,AddDciEvent,Casino.AddDciEventRequest,lottery.ticket_reward[].reward[].reward[].collectibles_box_info.highest_guaranteed_rarity_items_count,integer,68
other/unknown,AppClient,AddDciEvent,Casino.AddDciEventRequest,lottery.ticket_reward[].reward[].reward[].collectibles_box_info.items_count,integer,68
other/unknown,AppClient,AddDciEvent,Casino.AddDciEventRequest,lottery.ticket_reward[].reward[].reward[].extra_item_boost.time.duration,integer,68
other/unknown,AppClient,AddDciEvent,Casino.AddDciEventRequest,lottery.ticket_reward[].reward[].reward[].extra_item_boost.time.expire_time,string,68
other/unknown,AppClient,AddDciEvent,Casino.AddDciEventRequest,lottery.ticket_reward[].reward[].reward[].extra_item_boost.time.value,integer,68
other/unknown,AppClient,AddDciEvent,Casino.AddDciEventRequest,lottery.ticket_reward[].reward[].reward[].extra_item_boost.type,integer,68
other/unknown,AppClient,AddDciEvent,Casino.AddDciEventRequest,lottery.ticket_reward[].reward[].reward[].id,integer,68
other/unknown,AppClient,AddDciEvent,Casino.AddDciEventRequest,lottery.ticket_reward[].reward[].reward[].inventory_delta.amount,string,68
other/unknown,AppClient,AddDciEvent,Casino.AddDciEventRequest,lottery.ticket_reward[].reward[].reward[].inventory_delta.id,integer,68
other/unknown,AppClient,AddDciEvent,Casino.AddDciEventRequest,lottery.ticket_reward[].reward[].reward[].lottery_puzzle.color,integer,68
other/unknown,AppClient,AddDciEvent,Casino.AddDciEventRequest,lottery.ticket_reward[].reward[].reward[].lottery_puzzle.delta,integer,68
other/unknown,AppClient,AddDciEvent,Casino.AddDciEventRequest,lottery.ticket_reward[].ticket_color,string,68
other/unknown,AppClient,AddDciEvent,Casino.AddDciEventRequest,lottery.tickets_products[].product[].product_id,string,68
other/unknown,AppClient,AddDciEvent,Casino.AddDciEventRequest,lottery.tickets_products[].product[].reward_data[].reward.id,integer,68
other/unknown,AppClient,AddDciEvent,Casino.AddDciEventRequest,lottery.tickets_products[].product[].reward_data[].reward.inventory_delta.amount,string,68
other/unknown,AppClient,AddDciEvent,Casino.AddDciEventRequest,lottery.tickets_products[].product[].reward_data[].reward.inventory_delta.id,integer,68
other/unknown,AppClient,AddDciEvent,Casino.AddDciEventRequest,lottery.tickets_products[].product[].reward_data[].reward.loyalty_points,string,68
other/unknown,AppClient,AddDciEvent,Casino.AddDciEventRequest,lottery.tickets_products[].ticket_color,string,68
other/unknown,AppClient,AddDciEvent,Casino.AddDciEventRequest,loyalty.can_collect_points,boolean,2
other/unknown,AppClient,AddDciEvent,Casino.AddDciEventRequest,loyalty.config_hbi_data[].config_identifier,string,2
other/unknown,AppClient,AddDciEvent,Casino.AddDciEventRequest,loyalty.config_hbi_data[].config_type,string,2
other/unknown,AppClient,AddDciEvent,Casino.AddDciEventRequest,loyalty.config_hbi_data[].config_uuid,string,2
other/unknown,AppClient,AddDciEvent,Casino.AddDciEventRequest,loyalty.config_hbi_data[].hbi_data.id,string,2
other/unknown,AppClient,AddDciEvent,Casino.AddDciEventRequest,loyalty.current_tier_label,string,2
other/unknown,AppClient,AddDciEvent,Casino.AddDciEventRequest,loyalty.points,string,2
other/unknown,AppClient,AddDciEvent,Casino.AddDciEventRequest,loyalty.reset_timestamp,string,2
other/unknown,AppClient,AddDciEvent,Casino.AddDciEventRequest,loyalty.tier_before_reset,string,2
other/unknown,AppClient,AddDciEvent,Casino.AddDciEventRequest,loyalty.tiers[].feature_flags[].feature_id,integer,2
other/unknown,AppClient,AddDciEvent,Casino.AddDciEventRequest,loyalty.tiers[].feature_flags[].flag,boolean,2
other/unknown,AppClient,AddDciEvent,Casino.AddDciEventRequest,loyalty.tiers[].feature_multipliers[].feature_id,integer,2
other/unknown,AppClient,AddDciEvent,Casino.AddDciEventRequest,loyalty.tiers[].feature_multipliers[].multiplier,number,2
other/unknown,AppClient,AddDciEvent,Casino.AddDciEventRequest,loyalty.tiers[].label,string,2
other/unknown,AppClient,AddDciEvent,Casino.AddDciEventRequest,loyalty.tiers[].points_to_keep_status,string,2
other/unknown,AppClient,AddDciEvent,Casino.AddDciEventRequest,loyalty.tiers[].required_points,string,2
other/unknown,AppClient,AddDciEvent,Casino.AddDciEventRequest,loyalty.tutorial_reward.id,integer,2
other/unknown,AppClient,AddDciEvent,Casino.AddDciEventRequest,loyalty.tutorial_reward.loyalty_points,string,2
other/unknown,AppClient,AddDciEvent,Casino.AddDciEventRequest,loyalty.year_reset,boolean,2
other/unknown,AppClient,AddDciEvent,Casino.AddDciEventRequest,minigame.art_config.expiration_date,string,2
other/unknown,AppClient,AddDciEvent,Casino.AddDciEventRequest,minigame.art_config.package[].path,string,2
other/unknown,AppClient,AddDciEvent,Casino.AddDciEventRequest,minigame.art_config.package[].reskin_name,string,2
other/unknown,AppClient,AddDciEvent,Casino.AddDciEventRequest,minigame.art_config.package[].type,string,2
other/unknown,AppClient,AddDciEvent,Casino.AddDciEventRequest,minigame.art_config.package[].version,integer,2
other/unknown,AppClient,AddDciEvent,Casino.AddDciEventRequest,minigame.bulk_play_cap,integer,2
other/unknown,AppClient,AddDciEvent,Casino.AddDciEventRequest,minigame.game_id,string,2
other/unknown,AppClient,AddDciEvent,Casino.AddDciEventRequest,minigame.lottery_machine.result[],integer,2
other/unknown,AppClient,AddDciEvent,Casino.AddDciEventRequest,minigame.mini_game_progress_state.current_sum_of_bets.value,string,2
other/unknown,AppClient,AddDciEvent,Casino.AddDciEventRequest,minigame.mini_game_progress_state.moves,integer,2
other/unknown,AppClient,AddDciEvent,Casino.AddDciEventRequest,minigame.mini_game_progress_state.required_sum_of_bets.value,string,2
other/unknown,AppClient,AddDciEvent,Casino.AddDciEventRequest,minigame.mini_game_progress_state.show_tutorial,boolean,2
other/unknown,AppClient,AddDciEvent,Casino.AddDciEventRequest,minigame.mini_game_progress_state.spin_idx,integer,2
other/unknown,AppClient,AddDciEvent,Casino.AddDciEventRequest,minigame.mini_game_progress_state.step_idx,integer,2
other/unknown,AppClient,AddDciEvent,Casino.AddDciEventRequest,minigame.trail.lap_idx,integer,2
other/unknown,AppClient,AddDciEvent,Casino.AddDciEventRequest,minigame.trail.length,integer,2
other/unknown,AppClient,AddDciEvent,Casino.AddDciEventRequest,minigame.trail.milestone[].milestone_idx,integer,2
other/unknown,AppClient,AddDciEvent,Casino.AddDciEventRequest,minigame.trail.milestone[].reward[].big_chips_delta.value,string,2
other/unknown,AppClient,AddDciEvent,Casino.AddDciEventRequest,minigame.trail.milestone[].reward[].charms_trade_token_delta,integer,2
other/unknown,AppClient,AddDciEvent,Casino.AddDciEventRequest,minigame.trail.milestone[].reward[].chips_delta,string,2
other/unknown,AppClient,AddDciEvent,Casino.AddDciEventRequest,minigame.trail.milestone[].reward[].collectibles_box.box_id,integer,2
other/unknown,AppClient,AddDciEvent,Casino.AddDciEventRequest,minigame.trail.milestone[].reward[].collectibles_box.box_type,integer,2
other/unknown,AppClient,AddDciEvent,Casino.AddDciEventRequest,minigame.trail.milestone[].reward[].collectibles_box.raffle_id,string,2
other/unknown,AppClient,AddDciEvent,Casino.AddDciEventRequest,minigame.trail.milestone[].reward[].collectibles_box.source,integer,2
other/unknown,AppClient,AddDciEvent,Casino.AddDciEventRequest,minigame.trail.milestone[].reward[].collectibles_box.theme_id,integer,2
other/unknown,AppClient,AddDciEvent,Casino.AddDciEventRequest,minigame.trail.milestone[].reward[].collectibles_box.type,integer,2
other/unknown,AppClient,AddDciEvent,Casino.AddDciEventRequest,minigame.trail.milestone[].reward[].collectibles_box_info.box_id,integer,2
other/unknown,AppClient,AddDciEvent,Casino.AddDciEventRequest,minigame.trail.milestone[].reward[].collectibles_box_info.box_type,integer,2
other/unknown,AppClient,AddDciEvent,Casino.AddDciEventRequest,minigame.trail.milestone[].reward[].collectibles_box_info.event_type,integer,2
other/unknown,AppClient,AddDciEvent,Casino.AddDciEventRequest,minigame.trail.milestone[].reward[].collectibles_box_info.highest_guaranteed_rarity,integer,2
other/unknown,AppClient,AddDciEvent,Casino.AddDciEventRequest,minigame.trail.milestone[].reward[].collectibles_box_info.highest_guaranteed_rarity_items_count,integer,2
other/unknown,AppClient,AddDciEvent,Casino.AddDciEventRequest,minigame.trail.milestone[].reward[].collectibles_box_info.items_count,integer,2
other/unknown,AppClient,AddDciEvent,Casino.AddDciEventRequest,minigame.trail.milestone[].reward[].id,integer,2
other/unknown,AppClient,AddDciEvent,Casino.AddDciEventRequest,minigame.trail.milestone[].reward[].inventory_delta.amount,string,2
other/unknown,AppClient,AddDciEvent,Casino.AddDciEventRequest,minigame.trail.milestone[].reward[].inventory_delta.id,integer,2
other/unknown,AppClient,AddDciEvent,Casino.AddDciEventRequest,minigame.trail.milestone[].step_idx,integer,2
other/unknown,AppClient,AddDciEvent,Casino.AddDciEventRequest,minigame.trail.moves_meter_multiplier,number,2
other/unknown,AppClient,AddDciEvent,Casino.AddDciEventRequest,minigame.trail.rewards_multiplier,number,2
other/unknown,AppClient,AddDciEvent,Casino.AddDciEventRequest,minigame.trail.step[].reward[].big_chips_delta.value,string,2
other/unknown,AppClient,AddDciEvent,Casino.AddDciEventRequest,minigame.trail.step[].reward[].chips_delta,string,2
other/unknown,AppClient,AddDciEvent,Casino.AddDciEventRequest,minigame.trail.step[].reward[].collectibles_box.box_id,integer,2
other/unknown,AppClient,AddDciEvent,Casino.AddDciEventRequest,minigame.trail.step[].reward[].collectibles_box.box_type,integer,2
other/unknown,AppClient,AddDciEvent,Casino.AddDciEventRequest,minigame.trail.step[].reward[].collectibles_box.raffle_id,string,2
other/unknown,AppClient,AddDciEvent,Casino.AddDciEventRequest,minigame.trail.step[].reward[].collectibles_box.source,integer,2
other/unknown,AppClient,AddDciEvent,Casino.AddDciEventRequest,minigame.trail.step[].reward[].collectibles_box.theme_id,integer,2
other/unknown,AppClient,AddDciEvent,Casino.AddDciEventRequest,minigame.trail.step[].reward[].collectibles_box.type,integer,2
other/unknown,AppClient,AddDciEvent,Casino.AddDciEventRequest,minigame.trail.step[].reward[].collectibles_box_info.box_id,integer,2
other/unknown,AppClient,AddDciEvent,Casino.AddDciEventRequest,minigame.trail.step[].reward[].collectibles_box_info.box_type,integer,2
other/unknown,AppClient,AddDciEvent,Casino.AddDciEventRequest,minigame.trail.step[].reward[].collectibles_box_info.event_type,integer,2
other/unknown,AppClient,AddDciEvent,Casino.AddDciEventRequest,minigame.trail.step[].reward[].collectibles_box_info.highest_guaranteed_rarity,integer,2
other/unknown,AppClient,AddDciEvent,Casino.AddDciEventRequest,minigame.trail.step[].reward[].collectibles_box_info.highest_guaranteed_rarity_items_count,integer,2
other/unknown,AppClient,AddDciEvent,Casino.AddDciEventRequest,minigame.trail.step[].reward[].collectibles_box_info.items_count,integer,2
other/unknown,AppClient,AddDciEvent,Casino.AddDciEventRequest,minigame.trail.step[].reward[].id,integer,2
other/unknown,AppClient,AddDciEvent,Casino.AddDciEventRequest,minigame.trail.step[].reward[].inventory_delta.amount,string,2
other/unknown,AppClient,AddDciEvent,Casino.AddDciEventRequest,minigame.trail.step[].reward[].inventory_delta.id,integer,2
other/unknown,AppClient,AddDciEvent,Casino.AddDciEventRequest,minigame.trail.step[].step_idx,integer,2
other/unknown,AppClient,AddDciEvent,Casino.AddDciEventRequest,reskins.art_config[].expiration_date,string,1
other/unknown,AppClient,AddDciEvent,Casino.AddDciEventRequest,reskins.art_config[].package[].path,string,1
other/unknown,AppClient,AddDciEvent,Casino.AddDciEventRequest,reskins.art_config[].package[].reskin_name,string,1
other/unknown,AppClient,AddDciEvent,Casino.AddDciEventRequest,reskins.art_config[].package[].type,string,1
other/unknown,AppClient,AddDciEvent,Casino.AddDciEventRequest,reskins.art_config[].package[].version,integer,1
other/unknown,AppClient,AddDciEvent,Casino.AddDciEventRequest,reskins.community_tile.art_config.expiration_date,string,1
other/unknown,AppClient,AddDciEvent,Casino.AddDciEventRequest,reskins.community_tile.art_config.package[].path,string,1
other/unknown,AppClient,AddDciEvent,Casino.AddDciEventRequest,reskins.community_tile.art_config.package[].reskin_name,string,1
other/unknown,AppClient,AddDciEvent,Casino.AddDciEventRequest,reskins.community_tile.art_config.package[].type,string,1
other/unknown,AppClient,AddDciEvent,Casino.AddDciEventRequest,reskins.community_tile.art_config.package[].version,integer,1
other/unknown,AppClient,AddDciEvent,Casino.AddDciEventRequest,reskins.community_tile.url,string,1
other/unknown,AppClient,AddDciEvent,Casino.AddDciEventRequest,reskins.function_tile.art_config.expiration_date,string,1
other/unknown,AppClient,AddDciEvent,Casino.AddDciEventRequest,reskins.function_tile.art_config.package[].path,string,1
other/unknown,AppClient,AddDciEvent,Casino.AddDciEventRequest,reskins.function_tile.art_config.package[].reskin_name,string,1
other/unknown,AppClient,AddDciEvent,Casino.AddDciEventRequest,reskins.function_tile.art_config.package[].type,string,1
other/unknown,AppClient,AddDciEvent,Casino.AddDciEventRequest,reskins.function_tile.art_config.package[].version,integer,1
other/unknown,AppClient,AddDciEvent,Casino.AddDciEventRequest,reskins.function_tile.deeplink,string,1
other/unknown,AppClient,AddDciEvent,Casino.AddDciEventRequest,reskins.text_config[].text,string,1
other/unknown,AppClient,AddDciEvent,Casino.AddDciEventRequest,reskins.text_config[].type,string,1
other/unknown,AppClient,Handshake,Casino.HandshakeRequest,generator,string,1
other/unknown,AppClient,Handshake,Casino.HandshakeRequest,prime,string,1
other/unknown,AppClient,Handshake,Casino.HandshakeRequest,public_c2s,string,1
other/unknown,AppClient,Handshake,Casino.HandshakeRequest,public_s2c,string,1
other/unknown,AppClient,Handshake,Casino.HandshakeResponse,public_c2s,string,1
other/unknown,AppClient,Handshake,Casino.HandshakeResponse,public_s2c,string,1
other/unknown,AppClient,LikeNotify,Casino.LikeNotifyRequest,fame_delta,string,3
other/unknown,AppClient,LikeNotify,Casino.LikeNotifyRequest,friend,boolean,9
other/unknown,AppClient,LikeNotify,Casino.LikeNotifyRequest,receiver_user_id,string,9
other/unknown,AppClient,LikeNotify,Casino.LikeNotifyRequest,sender_user_id,string,9
other/unknown,AppClient,LogMessage,Casino.LogMessageRequest,text,string,1
other/unknown,AppClient,SendAdditionalData,Casino.AdditionalDataRequest,additional_data.data[].key,integer,295
other/unknown,AppClient,SendAdditionalData,Casino.AdditionalDataRequest,additional_data.data[].value_string,string,295
other/unknown,AppClient,SimpleRateUsInit,Casino.SimpleRateUsInitRequest,state.cooldown_end_date,string,1
other/unknown,AppClient,SimpleRateUsInit,Casino.SimpleRateUsInitRequest,state.last_triggered_id,integer,1
other/unknown,AppClient,SimpleRateUsInit,Casino.SimpleRateUsInitRequest,state.min_gap_end_date,string,1
other/unknown,AppClient,UpdateAnnouncements,Casino.UpdateAnnouncementsRequest,added[].banner.cooldown,integer,1
other/unknown,AppClient,UpdateAnnouncements,Casino.UpdateAnnouncementsRequest,added[].banner.cta_text,string,1
other/unknown,AppClient,UpdateAnnouncements,Casino.UpdateAnnouncementsRequest,added[].banner.deep_link,string,1
other/unknown,AppClient,UpdateAnnouncements,Casino.UpdateAnnouncementsRequest,added[].banner.display_limit,integer,1
other/unknown,AppClient,UpdateAnnouncements,Casino.UpdateAnnouncementsRequest,added[].banner.scenario[].display_priority,integer,1
other/unknown,AppClient,UpdateAnnouncements,Casino.UpdateAnnouncementsRequest,added[].banner.scenario[].id,integer,1
other/unknown,AppClient,UpdateAnnouncements,Casino.UpdateAnnouncementsRequest,added[].banner.token_id,string,1
other/unknown,AppClient,UpdateAnnouncements,Casino.UpdateAnnouncementsRequest,added[].banner.url[],string,1
other/unknown,AppClient,UpdateAnnouncements,Casino.UpdateAnnouncementsRequest,added[].banner.url_link,string,1
other/unknown,AppClient,UpdateAnnouncements,Casino.UpdateAnnouncementsRequest,added[].offer_base.expire,string,1
other/unknown,AppClient,UpdateAnnouncements,Casino.UpdateAnnouncementsRequest,added[].offer_base.id.config_id,string,1
other/unknown,AppClient,UpdateAnnouncements,Casino.UpdateAnnouncementsRequest,added[].offer_base.id.offer_type,integer,1
other/unknown,AppClient,UpdateAnnouncements,Casino.UpdateAnnouncementsRequest,added[].offer_base.name,string,1
other/unknown,AppClient,UpdateAnnouncements,Casino.UpdateAnnouncementsRequest,added[].offer_base.segment_id,string,1
other/unknown,AppClient,UpdateAssignmentEvents,Casino.UpdateAssignmentEventsRequest,added[].action_type,string,3
other/unknown,AppClient,UpdateAssignmentEvents,Casino.UpdateAssignmentEventsRequest,added[].banner.cooldown,integer,3
other/unknown,AppClient,UpdateAssignmentEvents,Casino.UpdateAssignmentEventsRequest,added[].banner.cta_text,string,3
other/unknown,AppClient,UpdateAssignmentEvents,Casino.UpdateAssignmentEventsRequest,added[].banner.fullscreen_url[],string,3
other/unknown,AppClient,UpdateAssignmentEvents,Casino.UpdateAssignmentEventsRequest,added[].banner.lobby_tile,boolean,3
other/unknown,AppClient,UpdateAssignmentEvents,Casino.UpdateAssignmentEventsRequest,added[].banner.newsfeed_url[],string,3
other/unknown,AppClient,UpdateAssignmentEvents,Casino.UpdateAssignmentEventsRequest,added[].banner.scenario[].display_priority,integer,3
other/unknown,AppClient,UpdateAssignmentEvents,Casino.UpdateAssignmentEventsRequest,added[].banner.scenario[].type,string,3
other/unknown,AppClient,UpdateAssignmentEvents,Casino.UpdateAssignmentEventsRequest,added[].banner.template_id,integer,3
other/unknown,AppClient,UpdateAssignmentEvents,Casino.UpdateAssignmentEventsRequest,added[].banner.type,string,3
other/unknown,AppClient,UpdateAssignmentEvents,Casino.UpdateAssignmentEventsRequest,added[].config_hbi_data[].config_identifier,string,3
other/unknown,AppClient,UpdateAssignmentEvents,Casino.UpdateAssignmentEventsRequest,added[].config_hbi_data[].config_type,string,3
other/unknown,AppClient,UpdateAssignmentEvents,Casino.UpdateAssignmentEventsRequest,added[].config_hbi_data[].hbi_data.id,string,3
other/unknown,AppClient,UpdateAssignmentEvents,Casino.UpdateAssignmentEventsRequest,added[].display_name,string,3
other/unknown,AppClient,UpdateAssignmentEvents,Casino.UpdateAssignmentEventsRequest,added[].event_id,string,3
other/unknown,AppClient,UpdateAssignmentEvents,Casino.UpdateAssignmentEventsRequest,added[].expire,string,3
other/unknown,AppClient,UpdateAssignmentEvents,Casino.UpdateAssignmentEventsRequest,added[].hbi_data.id,string,3
other/unknown,AppClient,UpdateAssignmentEvents,Casino.UpdateAssignmentEventsRequest,added[].limitation[].type,string,3
other/unknown,AppClient,UpdateAssignmentEvents,Casino.UpdateAssignmentEventsRequest,added[].limitation[].value.value_strings[],string,3
other/unknown,AppClient,UpdateAssignmentEvents,Casino.UpdateAssignmentEventsRequest,added[].milestone[].requirement.value,string,3
other/unknown,AppClient,UpdateAssignmentEvents,Casino.UpdateAssignmentEventsRequest,added[].milestone[].reward[].id,integer,3
other/unknown,AppClient,UpdateAssignmentEvents,Casino.UpdateAssignmentEventsRequest,added[].milestone[].reward[].moves.amount,integer,3
other/unknown,AppClient,UpdateAssignmentEvents,Casino.UpdateAssignmentEventsRequest,added[].milestone[].status,string,3
other/unknown,AppClient,UpdateAssignmentEvents,Casino.UpdateAssignmentEventsRequest,added[].progress.value,string,3
other/unknown,AppClient,UpdateAssignmentEvents,Casino.UpdateAssignmentEventsRequest,added[].type,string,3
other/unknown,AppClient,UpdateBets,Casino.UpdateBetsRequest,bets_on_fire_config.balance_factor,number,1
other/unknown,AppClient,UpdateBets,Casino.UpdateBetsRequest,bets_on_fire_config.level_requirement,integer,1
other/unknown,AppClient,UpdateBets,Casino.UpdateBetsRequest,bets_on_fire_config.spins_to_level_up,integer,1
other/unknown,AppClient,UpdateExternalAuthMapping,Casino.UpdateExternalAuthMappingRequest,external_auth_mapping.player_auths[],string,1
other/unknown,AppServer,Connect,Casino.ConnectRequest,client_platform,string,1
other/unknown,AppServer,Connect,Casino.ConnectRequest,client_version,string,1
other/unknown,AppServer,Connect,Casino.ConnectRequest,device_id,string,1
other/unknown,AppServer,Connect,Casino.ConnectRequest,protocol_version,integer,1
other/unknown,AppServer,Connect,Casino.ConnectResponse,assets_cdn[].retry,integer,1
other/unknown,AppServer,Connect,Casino.ConnectResponse,assets_cdn[].timeout,integer,1
other/unknown,AppServer,Connect,Casino.ConnectResponse,assets_cdn[].url,string,1
other/unknown,AppServer,Connect,Casino.ConnectResponse,assets_id,string,1
other/unknown,AppServer,Connect,Casino.ConnectResponse,compression_threshold,integer,1
other/unknown,AppServer,Connect,Casino.ConnectResponse,env_name,string,1
other/unknown,AppServer,Connect,Casino.ConnectResponse,reskins_cdn[].retry,integer,1
other/unknown,AppServer,Connect,Casino.ConnectResponse,reskins_cdn[].timeout,integer,1
other/unknown,AppServer,Connect,Casino.ConnectResponse,reskins_cdn[].url,string,1
other/unknown,AppServer,Connect,Casino.ConnectResponse,status,string,1
other/unknown,AppServer,Connect,Casino.ConnectResponse,test_group_id,integer,1
other/unknown,AppServer,Connect,Casino.ConnectResponse,tutorial,boolean,1
other/unknown,AppServer,Connect,Casino.ConnectResponse,update_reward_bb,number,1
other/unknown,AppServer,FocusChange,Casino.FocusChangeRequest,focus,boolean,1
other/unknown,AppServer,GetExtraItems,Casino.GetExtraItemsRequest,type,integer,2
other/unknown,AppServer,GetExtraItems,Casino.GetExtraItemsResponse,extra_items.extra_items[].type,integer,2
other/unknown,AppServer,GetExtraItems,Casino.GetExtraItemsResponse,extra_items.extra_items[].value[].time.duration,integer,2
other/unknown,AppServer,GetExtraItems,Casino.GetExtraItemsResponse,extra_items.extra_items[].value[].time.expire_time,string,2
other/unknown,AppServer,GetExtraItems,Casino.GetExtraItemsResponse,extra_items.extra_items[].value[].time.value,integer,2
other/unknown,AppServer,GetExtraItems,Casino.GetExtraItemsResponse,extra_items.extra_items[].value[].type,integer,2
other/unknown,AppServer,GetExtraItems,Casino.GetExtraItemsResponse,status,string,2
other/unknown,AppServer,GetFriends,Casino.GetFriendsResponse,status,string,2
other/unknown,AppServer,GetGamePlayerCount,Casino.GetGamePlayerCountRequest,game_name[],string,3
other/unknown,AppServer,GetGamePlayerCount,Casino.GetGamePlayerCountResponse,status,string,3
other/unknown,AppServer,GetGamePlayerCount,Casino.GetGamePlayerCountResponse,user_count[],string,3
other/unknown,AppServer,LikePlayer,Casino.LikePlayerRequest,user_id,string,1
other/unknown,AppServer,LikePlayer,Casino.LikePlayerResponse,like_cooldown,integer,1
other/unknown,AppServer,LikePlayer,Casino.LikePlayerResponse,status,string,1
other/unknown,AppServer,Login,Casino.LoginRequest,common_config_hash,string,1
other/unknown,AppServer,Login,Casino.LoginRequest,device_model,string,1
other/unknown,AppServer,Login,Casino.LoginRequest,device_os_version,string,1
other/unknown,AppServer,Login,Casino.LoginRequest,language,string,1
other/unknown,AppServer,Login,Casino.LoginRequest,password,string,1
other/unknown,AppServer,Login,Casino.LoginRequest,platform_config_hash,string,1
other/unknown,AppServer,Login,Casino.LoginRequest,reconnect,boolean,1
other/unknown,AppServer,Login,Casino.LoginRequest,time_zone,integer,1
other/unknown,AppServer,Login,Casino.LoginRequest,user_id,string,1
other/unknown,AppServer,Login,Casino.LoginResponse,additional_data,object,1
other/unknown,AppServer,Login,Casino.LoginResponse,benefits_not_shown,boolean,1
other/unknown,AppServer,Login,Casino.LoginResponse,club_join_incentive,boolean,1
other/unknown,AppServer,Login,Casino.LoginResponse,club_season.club_season_id,string,1
other/unknown,AppServer,Login,Casino.LoginResponse,club_season.end_time,integer,1
other/unknown,AppServer,Login,Casino.LoginResponse,club_season.reward[].reward[].action,string,1
other/unknown,AppServer,Login,Casino.LoginResponse,club_season.reward[].reward[].from_place,integer,1
other/unknown,AppServer,Login,Casino.LoginResponse,club_season.reward[].reward[].lobby_bonuses_frac_delta,number,1
other/unknown,AppServer,Login,Casino.LoginResponse,consent[].type,integer,1
other/unknown,AppServer,Login,Casino.LoginResponse,consent[].version,integer,1
other/unknown,AppServer,Login,Casino.LoginResponse,country,string,1
other/unknown,AppServer,Login,Casino.LoginResponse,create_account_timestamp,integer,1
other/unknown,AppServer,Login,Casino.LoginResponse,daily_bonus_timer,integer,1
other/unknown,AppServer,Login,Casino.LoginResponse,econ_stats.stat[].key,integer,1
other/unknown,AppServer,Login,Casino.LoginResponse,econ_stats.stat[].value_double,number,1
other/unknown,AppServer,Login,Casino.LoginResponse,econ_stats.stat[].value_int,string,1
other/unknown,AppServer,Login,Casino.LoginResponse,email_marketing_status,string,1
other/unknown,AppServer,Login,Casino.LoginResponse,end_of_day,integer,1
other/unknown,AppServer,Login,Casino.LoginResponse,external_auth_mapping.player_auths[],string,1
other/unknown,AppServer,Login,Casino.LoginResponse,external_tag[],string,1
other/unknown,AppServer,Login,Casino.LoginResponse,facebook_data[].facebook_app_id,string,1
other/unknown,AppServer,Login,Casino.LoginResponse,facebook_data[].facebook_id,string,1
other/unknown,AppServer,Login,Casino.LoginResponse,free_diamonds_collected,boolean,1
other/unknown,AppServer,Login,Casino.LoginResponse,friend_request_notification_count,integer,1
other/unknown,AppServer,Login,Casino.LoginResponse,ftue,boolean,1
other/unknown,AppServer,Login,Casino.LoginResponse,game_category[].flags,integer,1
other/unknown,AppServer,Login,Casino.LoginResponse,game_category[].game_category,string,1
other/unknown,AppServer,Login,Casino.LoginResponse,game_category[].game_subcategory,string,1
other/unknown,AppServer,Login,Casino.LoginResponse,game_category[].lobby_size,integer,1
other/unknown,AppServer,Login,Casino.LoginResponse,idfa_count,integer,1
other/unknown,AppServer,Login,Casino.LoginResponse,in_app_completed,string,1
other/unknown,AppServer,Login,Casino.LoginResponse,inventory[].amount,string,1
other/unknown,AppServer,Login,Casino.LoginResponse,inventory[].id,integer,1
other/unknown,AppServer,Login,Casino.LoginResponse,last_purchase_timestamp,integer,1
other/unknown,AppServer,Login,Casino.LoginResponse,multipliers.multiplier[].entry[].minLevel,integer,1
other/unknown,AppServer,Login,Casino.LoginResponse,multipliers.multiplier[].entry[].value,number,1
other/unknown,AppServer,Login,Casino.LoginResponse,multipliers.multiplier[].type,string,1
other/unknown,AppServer,Login,Casino.LoginResponse,mystery_reward_level,string,1
other/unknown,AppServer,Login,Casino.LoginResponse,name_changes_count,integer,1
other/unknown,AppServer,Login,Casino.LoginResponse,next_mystery_reward.level,string,1
other/unknown,AppServer,Login,Casino.LoginResponse,next_mystery_reward.rewards[].big_chips_delta.value,string,1
other/unknown,AppServer,Login,Casino.LoginResponse,next_mystery_reward.rewards[].charms_trade_token_delta,integer,1
other/unknown,AppServer,Login,Casino.LoginResponse,next_mystery_reward.rewards[].chips_delta,string,1
other/unknown,AppServer,Login,Casino.LoginResponse,next_mystery_reward.rewards[].collectibles_box.box_id,integer,1
other/unknown,AppServer,Login,Casino.LoginResponse,next_mystery_reward.rewards[].collectibles_box.box_type,integer,1
other/unknown,AppServer,Login,Casino.LoginResponse,next_mystery_reward.rewards[].collectibles_box.raffle_id,string,1
other/unknown,AppServer,Login,Casino.LoginResponse,next_mystery_reward.rewards[].collectibles_box.source,integer,1
other/unknown,AppServer,Login,Casino.LoginResponse,next_mystery_reward.rewards[].collectibles_box.theme_id,integer,1
other/unknown,AppServer,Login,Casino.LoginResponse,next_mystery_reward.rewards[].collectibles_box.type,integer,1
other/unknown,AppServer,Login,Casino.LoginResponse,next_mystery_reward.rewards[].collectibles_box_info.box_id,integer,1
other/unknown,AppServer,Login,Casino.LoginResponse,next_mystery_reward.rewards[].collectibles_box_info.box_type,integer,1
other/unknown,AppServer,Login,Casino.LoginResponse,next_mystery_reward.rewards[].collectibles_box_info.event_type,integer,1
other/unknown,AppServer,Login,Casino.LoginResponse,next_mystery_reward.rewards[].collectibles_box_info.highest_guaranteed_rarity,integer,1
other/unknown,AppServer,Login,Casino.LoginResponse,next_mystery_reward.rewards[].collectibles_box_info.highest_guaranteed_rarity_items_count,integer,1
other/unknown,AppServer,Login,Casino.LoginResponse,next_mystery_reward.rewards[].collectibles_box_info.items_count,integer,1
other/unknown,AppServer,Login,Casino.LoginResponse,next_mystery_reward.rewards[].id,integer,1
other/unknown,AppServer,Login,Casino.LoginResponse,next_mystery_reward.rewards[].inventory_delta.amount,string,1
other/unknown,AppServer,Login,Casino.LoginResponse,next_mystery_reward.rewards[].inventory_delta.id,integer,1
other/unknown,AppServer,Login,Casino.LoginResponse,next_mystery_reward.rewards[].mystery_reward_level,string,1
other/unknown,AppServer,Login,Casino.LoginResponse,profile.avatar.avatar_id,string,1
other/unknown,AppServer,Login,Casino.LoginResponse,profile.avatar.country_flag,integer,1
other/unknown,AppServer,Login,Casino.LoginResponse,profile.avatar.level,integer,1
other/unknown,AppServer,Login,Casino.LoginResponse,profile.avatar.name,string,1
other/unknown,AppServer,Login,Casino.LoginResponse,profile.avatar.user_id,string,1
other/unknown,AppServer,Login,Casino.LoginResponse,profile.chips.value,string,1
other/unknown,AppServer,Login,Casino.LoginResponse,profile.diamonds,string,1
other/unknown,AppServer,Login,Casino.LoginResponse,profile.fame.value,string,1
other/unknown,AppServer,Login,Casino.LoginResponse,profile.fame_chips_ratio,number,1
other/unknown,AppServer,Login,Casino.LoginResponse,profile.fame_info[].fame_max_increment,string,1
other/unknown,AppServer,Login,Casino.LoginResponse,profile.fame_info[].fame_req_id,integer,1
other/unknown,AppServer,Login,Casino.LoginResponse,profile.last_activity,integer,1
other/unknown,AppServer,Login,Casino.LoginResponse,profile.legacy_chips,string,1
other/unknown,AppServer,Login,Casino.LoginResponse,profile.legacy_fame,string,1
other/unknown,AppServer,Login,Casino.LoginResponse,profile.likes,string,1
other/unknown,AppServer,Login,Casino.LoginResponse,profile.profile.statistic[].game_category,string,1
other/unknown,AppServer,Login,Casino.LoginResponse,profile.profile.statistic[].map.element[].key,integer,1
other/unknown,AppServer,Login,Casino.LoginResponse,profile.profile.statistic[].map.element[].value_big_int.value,string,1
other/unknown,AppServer,Login,Casino.LoginResponse,profile.profile.statistic[].map.element[].value_int,string,1
other/unknown,AppServer,Login,Casino.LoginResponse,profile.profile.statistic[].map.element[].value_string,string,1
other/unknown,AppServer,Login,Casino.LoginResponse,profile.rank.rank,integer,1
other/unknown,AppServer,Login,Casino.LoginResponse,profile.rank.rank_req_value[],string,1
other/unknown,AppServer,Login,Casino.LoginResponse,profile.xp,number,1
other/unknown,AppServer,Login,Casino.LoginResponse,profile.xp_level,number,1
other/unknown,AppServer,Login,Casino.LoginResponse,rate_us_bonus,boolean,1
other/unknown,AppServer,Login,Casino.LoginResponse,recommended_game[].flag,integer,1
other/unknown,AppServer,Login,Casino.LoginResponse,recommended_game[].name,string,1
other/unknown,AppServer,Login,Casino.LoginResponse,rewards_data.state_info.extra_items.extra_items[].type,integer,1
other/unknown,AppServer,Login,Casino.LoginResponse,rewards_data.state_info.extra_items.extra_items[].value[].level.levels_amount,integer,1
other/unknown,AppServer,Login,Casino.LoginResponse,rewards_data.state_info.extra_items.extra_items[].value[].level.target_level,integer,1
other/unknown,AppServer,Login,Casino.LoginResponse,rewards_data.state_info.extra_items.extra_items[].value[].level.value,integer,1
other/unknown,AppServer,Login,Casino.LoginResponse,rewards_data.state_info.extra_items.extra_items[].value[].type,integer,1
other/unknown,AppServer,Login,Casino.LoginResponse,rewards_data.state_info.hourly_bonus_timer,integer,1
other/unknown,AppServer,Login,Casino.LoginResponse,server_info[].count,integer,1
other/unknown,AppServer,Login,Casino.LoginResponse,server_info[].protocol_version,integer,1
other/unknown,AppServer,Login,Casino.LoginResponse,session_count,string,1
other/unknown,AppServer,Login,Casino.LoginResponse,shop_bonus_timer,integer,1
other/unknown,AppServer,Login,Casino.LoginResponse,status,string,1
other/unknown,AppServer,Login,Casino.LoginResponse,sweepstakes_update.available,boolean,1
other/unknown,AppServer,Login,Casino.LoginResponse,sweepstakes_update.tutorial_completed,boolean,1
other/unknown,AppServer,Login,Casino.LoginResponse,time_ms,string,1
other/unknown,AppServer,Login,Casino.LoginResponse,total_spent,string,1
other/unknown,AppServer,Login,Casino.LoginResponse,tutorial.game_name,string,1
other/unknown,AppServer,Login,Casino.LoginResponse,tutorial.step,integer,1
other/unknown,AppServer,Login,Casino.LoginResponse,update_shop_request.dci_config_info.identifier.config_id,string,1
other/unknown,AppServer,Login,Casino.LoginResponse,update_shop_request.dci_config_info.identifier.flags,string,1
other/unknown,AppServer,Login,Casino.LoginResponse,update_shop_request.dci_config_info.segment_id,string,1
other/unknown,AppServer,Login,Casino.LoginResponse,update_shop_request.expected_next_purchase,integer,1
other/unknown,AppServer,Login,Casino.LoginResponse,update_shop_request.product[].bank_bonus_days,integer,1
other/unknown,AppServer,Login,Casino.LoginResponse,update_shop_request.product[].bank_bonus_type,integer,1
other/unknown,AppServer,Login,Casino.LoginResponse,update_shop_request.product[].custom_fields,object,1
other/unknown,AppServer,Login,Casino.LoginResponse,update_shop_request.product[].custom_fields.custom_field_1,string,1
other/unknown,AppServer,Login,Casino.LoginResponse,update_shop_request.product[].custom_fields.custom_field_3,string,1
other/unknown,AppServer,Login,Casino.LoginResponse,update_shop_request.product[].product_id,string,1
other/unknown,AppServer,Login,Casino.LoginResponse,update_shop_request.product[].reward_data[].big_value_for_money.value,string,1
other/unknown,AppServer,Login,Casino.LoginResponse,update_shop_request.product[].reward_data[].reward.big_chips_delta.value,string,1
other/unknown,AppServer,Login,Casino.LoginResponse,update_shop_request.product[].reward_data[].reward.charms_trade_token_delta,integer,1
other/unknown,AppServer,Login,Casino.LoginResponse,update_shop_request.product[].reward_data[].reward.chips_delta,string,1
other/unknown,AppServer,Login,Casino.LoginResponse,update_shop_request.product[].reward_data[].reward.collectibles_box.box_id,integer,1
other/unknown,AppServer,Login,Casino.LoginResponse,update_shop_request.product[].reward_data[].reward.collectibles_box.box_type,integer,1
other/unknown,AppServer,Login,Casino.LoginResponse,update_shop_request.product[].reward_data[].reward.collectibles_box.raffle_id,string,1
other/unknown,AppServer,Login,Casino.LoginResponse,update_shop_request.product[].reward_data[].reward.collectibles_box.source,integer,1
other/unknown,AppServer,Login,Casino.LoginResponse,update_shop_request.product[].reward_data[].reward.collectibles_box.theme_id,integer,1
other/unknown,AppServer,Login,Casino.LoginResponse,update_shop_request.product[].reward_data[].reward.collectibles_box.type,integer,1
other/unknown,AppServer,Login,Casino.LoginResponse,update_shop_request.product[].reward_data[].reward.collectibles_box_info.box_id,integer,1
other/unknown,AppServer,Login,Casino.LoginResponse,update_shop_request.product[].reward_data[].reward.collectibles_box_info.box_type,integer,1
other/unknown,AppServer,Login,Casino.LoginResponse,update_shop_request.product[].reward_data[].reward.collectibles_box_info.event_type,integer,1
other/unknown,AppServer,Login,Casino.LoginResponse,update_shop_request.product[].reward_data[].reward.collectibles_box_info.highest_guaranteed_rarity,integer,1
other/unknown,AppServer,Login,Casino.LoginResponse,update_shop_request.product[].reward_data[].reward.collectibles_box_info.highest_guaranteed_rarity_items_count,integer,1
other/unknown,AppServer,Login,Casino.LoginResponse,update_shop_request.product[].reward_data[].reward.collectibles_box_info.items_count,integer,1
other/unknown,AppServer,Login,Casino.LoginResponse,update_shop_request.product[].reward_data[].reward.diamonds_delta,string,1
other/unknown,AppServer,Login,Casino.LoginResponse,update_shop_request.product[].reward_data[].reward.extra_item_boost.time.duration,integer,1
other/unknown,AppServer,Login,Casino.LoginResponse,update_shop_request.product[].reward_data[].reward.extra_item_boost.time.expire_time,string,1
other/unknown,AppServer,Login,Casino.LoginResponse,update_shop_request.product[].reward_data[].reward.extra_item_boost.time.value,integer,1
other/unknown,AppServer,Login,Casino.LoginResponse,update_shop_request.product[].reward_data[].reward.extra_item_boost.type,integer,1
other/unknown,AppServer,Login,Casino.LoginResponse,update_shop_request.product[].reward_data[].reward.id,integer,1
other/unknown,AppServer,Login,Casino.LoginResponse,update_shop_request.product[].reward_data[].reward.loyalty_points,string,1
other/unknown,AppServer,Login,Casino.LoginResponse,update_shop_request.product[].reward_data[].share,number,1
other/unknown,AppServer,Login,Casino.LoginResponse,update_shop_request.product[].reward_data[].value_for_money,string,1
other/unknown,AppServer,Login,Casino.LoginResponse,update_shop_request.product[].tag[],integer,1
other/unknown,AppServer,Login,Casino.LoginResponse,update_shop_request.shop_promotion.dci_config_info.identifier.config_id,string,1
other/unknown,AppServer,Login,Casino.LoginResponse,update_shop_request.shop_promotion.dci_config_info.identifier.flags,string,1
other/unknown,AppServer,Login,Casino.LoginResponse,update_shop_request.shop_promotion.dci_config_info.segment_id,string,1
other/unknown,AppServer,Login,Casino.LoginResponse,update_shop_request.shop_promotion.expire,string,1
other/unknown,AppServer,Login,Casino.LoginResponse,update_shop_request.shop_promotion.promo_iap[].product_id,string,1
other/unknown,AppServer,Login,Casino.LoginResponse,update_shop_request.shop_promotion.promo_iap[].promo_reward[].d2c_percent,string,1
other/unknown,AppServer,Login,Casino.LoginResponse,update_shop_request.shop_promotion.promo_iap[].promo_reward[].multiplier,number,1
other/unknown,AppServer,Login,Casino.LoginResponse,update_shop_request.shop_promotion.promo_iap[].promo_reward[].percent,string,1
other/unknown,AppServer,Login,Casino.LoginResponse,update_shop_request.shop_promotion.promo_iap[].promo_reward[].reward.big_chips_delta.value,string,1
other/unknown,AppServer,Login,Casino.LoginResponse,update_shop_request.shop_promotion.promo_iap[].promo_reward[].reward.charms_trade_token_delta,integer,1
other/unknown,AppServer,Login,Casino.LoginResponse,update_shop_request.shop_promotion.promo_iap[].promo_reward[].reward.chips_delta,string,1
other/unknown,AppServer,Login,Casino.LoginResponse,update_shop_request.shop_promotion.promo_iap[].promo_reward[].reward.collectibles_box.box_id,integer,1
other/unknown,AppServer,Login,Casino.LoginResponse,update_shop_request.shop_promotion.promo_iap[].promo_reward[].reward.collectibles_box.box_type,integer,1
other/unknown,AppServer,Login,Casino.LoginResponse,update_shop_request.shop_promotion.promo_iap[].promo_reward[].reward.collectibles_box.raffle_id,string,1
other/unknown,AppServer,Login,Casino.LoginResponse,update_shop_request.shop_promotion.promo_iap[].promo_reward[].reward.collectibles_box.source,integer,1
other/unknown,AppServer,Login,Casino.LoginResponse,update_shop_request.shop_promotion.promo_iap[].promo_reward[].reward.collectibles_box.theme_id,integer,1
other/unknown,AppServer,Login,Casino.LoginResponse,update_shop_request.shop_promotion.promo_iap[].promo_reward[].reward.collectibles_box.type,integer,1
other/unknown,AppServer,Login,Casino.LoginResponse,update_shop_request.shop_promotion.promo_iap[].promo_reward[].reward.collectibles_box_info.box_id,integer,1
other/unknown,AppServer,Login,Casino.LoginResponse,update_shop_request.shop_promotion.promo_iap[].promo_reward[].reward.collectibles_box_info.box_type,integer,1
other/unknown,AppServer,Login,Casino.LoginResponse,update_shop_request.shop_promotion.promo_iap[].promo_reward[].reward.collectibles_box_info.event_type,integer,1
other/unknown,AppServer,Login,Casino.LoginResponse,update_shop_request.shop_promotion.promo_iap[].promo_reward[].reward.collectibles_box_info.highest_guaranteed_rarity,integer,1
other/unknown,AppServer,Login,Casino.LoginResponse,update_shop_request.shop_promotion.promo_iap[].promo_reward[].reward.collectibles_box_info.highest_guaranteed_rarity_items_count,integer,1
other/unknown,AppServer,Login,Casino.LoginResponse,update_shop_request.shop_promotion.promo_iap[].promo_reward[].reward.collectibles_box_info.items_count,integer,1
other/unknown,AppServer,Login,Casino.LoginResponse,update_shop_request.shop_promotion.promo_iap[].promo_reward[].reward.d2c_chips.value,string,1
other/unknown,AppServer,Login,Casino.LoginResponse,update_shop_request.shop_promotion.promo_iap[].promo_reward[].reward.extra_item_boost.time.duration,integer,1
other/unknown,AppServer,Login,Casino.LoginResponse,update_shop_request.shop_promotion.promo_iap[].promo_reward[].reward.extra_item_boost.time.expire_time,string,1
other/unknown,AppServer,Login,Casino.LoginResponse,update_shop_request.shop_promotion.promo_iap[].promo_reward[].reward.extra_item_boost.time.value,integer,1
other/unknown,AppServer,Login,Casino.LoginResponse,update_shop_request.shop_promotion.promo_iap[].promo_reward[].reward.extra_item_boost.type,integer,1
other/unknown,AppServer,Login,Casino.LoginResponse,update_shop_request.shop_promotion.promo_iap[].promo_reward[].reward.id,integer,1
other/unknown,AppServer,Login,Casino.LoginResponse,update_shop_request.shop_promotion.promo_iap[].promo_reward[].reward.loyalty_points,string,1
other/unknown,AppServer,Login,Casino.LoginResponse,video_ad_type,integer,1
other/unknown,AppServer,QueryGameFamily,Casino.QueryGameFamilyRequest,family_name,string,1
other/unknown,AppServer,QueryGameFamily,Casino.QueryGameFamilyRequest,game_category,string,1
other/unknown,AppServer,QueryGameFamily,Casino.QueryGameFamilyRequest,include_jackpot,boolean,1
other/unknown,AppServer,QueryGameFamily,Casino.QueryGameFamilyResponse,game_entry[].game.category,string,1
other/unknown,AppServer,QueryGameFamily,Casino.QueryGameFamilyResponse,game_entry[].game.name,string,1
other/unknown,AppServer,QueryGameFamily,Casino.QueryGameFamilyResponse,game_entry[].game.params.element[].jackpot_id[],integer,1
other/unknown,AppServer,QueryGameFamily,Casino.QueryGameFamilyResponse,game_entry[].game.params.element[].key,integer,1
other/unknown,AppServer,QueryGameFamily,Casino.QueryGameFamilyResponse,game_entry[].game.params.element[].value_bet[],string,1
other/unknown,AppServer,QueryGameFamily,Casino.QueryGameFamilyResponse,game_entry[].game.params.element[].value_bytes,string,1
other/unknown,AppServer,QueryGameFamily,Casino.QueryGameFamilyResponse,game_entry[].game.params.element[].value_double,number,1
other/unknown,AppServer,QueryGameFamily,Casino.QueryGameFamilyResponse,game_entry[].game.params.element[].value_int,string,1
other/unknown,AppServer,QueryGameFamily,Casino.QueryGameFamilyResponse,game_entry[].game.params.element[].value_string,string,1
other/unknown,AppServer,QueryGameFamily,Casino.QueryGameFamilyResponse,game_entry[].jackpot[].id,integer,1
other/unknown,AppServer,QueryGameFamily,Casino.QueryGameFamilyResponse,game_entry[].jackpot[].legacy_value,string,1
other/unknown,AppServer,QueryGameFamily,Casino.QueryGameFamilyResponse,game_entry[].jackpot[].value.value,string,1
other/unknown,AppServer,QueryGameFamily,Casino.QueryGameFamilyResponse,status,string,1
other/unknown,AppServer,QueryPlayer,Casino.QueryPlayerRequest,user_id,string,3
other/unknown,AppServer,QueryPlayer,Casino.QueryPlayerResponse,current_game_joinable,boolean,3
other/unknown,AppServer,QueryPlayer,Casino.QueryPlayerResponse,profile.avatar.avatar_frame.id,integer,3
other/unknown,AppServer,QueryPlayer,Casino.QueryPlayerResponse,profile.avatar.avatar_frame.level,integer,3
other/unknown,AppServer,QueryPlayer,Casino.QueryPlayerResponse,profile.avatar.avatar_id,string,3
other/unknown,AppServer,QueryPlayer,Casino.QueryPlayerResponse,profile.avatar.club_division,integer,3
other/unknown,AppServer,QueryPlayer,Casino.QueryPlayerResponse,profile.avatar.country_flag,integer,3
other/unknown,AppServer,QueryPlayer,Casino.QueryPlayerResponse,profile.avatar.gift.expire,integer,3
other/unknown,AppServer,QueryPlayer,Casino.QueryPlayerResponse,profile.avatar.gift.gift_id,integer,3
other/unknown,AppServer,QueryPlayer,Casino.QueryPlayerResponse,profile.avatar.level,integer,3
other/unknown,AppServer,QueryPlayer,Casino.QueryPlayerResponse,profile.avatar.name,string,3
other/unknown,AppServer,QueryPlayer,Casino.QueryPlayerResponse,profile.avatar.online,boolean,3
other/unknown,AppServer,QueryPlayer,Casino.QueryPlayerResponse,profile.avatar.user_id,string,3
other/unknown,AppServer,QueryPlayer,Casino.QueryPlayerResponse,profile.chips.value,string,3
other/unknown,AppServer,QueryPlayer,Casino.QueryPlayerResponse,profile.club.club_id,string,3
other/unknown,AppServer,QueryPlayer,Casino.QueryPlayerResponse,profile.club.division,integer,3
other/unknown,AppServer,QueryPlayer,Casino.QueryPlayerResponse,profile.club.instance,integer,3
other/unknown,AppServer,QueryPlayer,Casino.QueryPlayerResponse,profile.club.league_points.value,string,3
other/unknown,AppServer,QueryPlayer,Casino.QueryPlayerResponse,profile.club.legacy_league_points,string,3
other/unknown,AppServer,QueryPlayer,Casino.QueryPlayerResponse,profile.club.name,string,3
other/unknown,AppServer,QueryPlayer,Casino.QueryPlayerResponse,profile.club.role,string,3
other/unknown,AppServer,QueryPlayer,Casino.QueryPlayerResponse,profile.club.symbol,integer,3
other/unknown,AppServer,QueryPlayer,Casino.QueryPlayerResponse,profile.current_game.info.def.category,string,3
other/unknown,AppServer,QueryPlayer,Casino.QueryPlayerResponse,profile.current_game.info.def.name,string,3
other/unknown,AppServer,QueryPlayer,Casino.QueryPlayerResponse,profile.current_game.info.def.params.element[].key,integer,3
other/unknown,AppServer,QueryPlayer,Casino.QueryPlayerResponse,profile.current_game.info.def.params.element[].value_bet[],string,3
other/unknown,AppServer,QueryPlayer,Casino.QueryPlayerResponse,profile.current_game.info.def.params.element[].value_bytes,string,3
other/unknown,AppServer,QueryPlayer,Casino.QueryPlayerResponse,profile.current_game.info.def.params.element[].value_double,number,3
other/unknown,AppServer,QueryPlayer,Casino.QueryPlayerResponse,profile.current_game.info.def.params.element[].value_int,string,3
other/unknown,AppServer,QueryPlayer,Casino.QueryPlayerResponse,profile.current_game.info.def.params.element[].value_string,string,3
other/unknown,AppServer,QueryPlayer,Casino.QueryPlayerResponse,profile.current_game.info.room_id,string,3
other/unknown,AppServer,QueryPlayer,Casino.QueryPlayerResponse,profile.current_game.info.server_id,string,3
other/unknown,AppServer,QueryPlayer,Casino.QueryPlayerResponse,profile.current_game.mode,string,3
other/unknown,AppServer,QueryPlayer,Casino.QueryPlayerResponse,profile.diamonds,string,3
other/unknown,AppServer,QueryPlayer,Casino.QueryPlayerResponse,profile.fame.value,string,3
other/unknown,AppServer,QueryPlayer,Casino.QueryPlayerResponse,profile.fame_chips_ratio,number,3
other/unknown,AppServer,QueryPlayer,Casino.QueryPlayerResponse,profile.fame_info[].fame_max_increment,string,3
other/unknown,AppServer,QueryPlayer,Casino.QueryPlayerResponse,profile.fame_info[].fame_req_id,integer,3
other/unknown,AppServer,QueryPlayer,Casino.QueryPlayerResponse,profile.last_activity,integer,3
other/unknown,AppServer,QueryPlayer,Casino.QueryPlayerResponse,profile.legacy_chips,string,3
other/unknown,AppServer,QueryPlayer,Casino.QueryPlayerResponse,profile.legacy_fame,string,3
other/unknown,AppServer,QueryPlayer,Casino.QueryPlayerResponse,profile.likes,string,3
other/unknown,AppServer,QueryPlayer,Casino.QueryPlayerResponse,profile.profile.comment,string,2
other/unknown,AppServer,QueryPlayer,Casino.QueryPlayerResponse,profile.profile.gender,string,2
other/unknown,AppServer,QueryPlayer,Casino.QueryPlayerResponse,profile.profile.statistic[].game_category,string,3
other/unknown,AppServer,QueryPlayer,Casino.QueryPlayerResponse,profile.profile.statistic[].map.element[].key,integer,3
other/unknown,AppServer,QueryPlayer,Casino.QueryPlayerResponse,profile.profile.statistic[].map.element[].value_big_int.value,string,3
other/unknown,AppServer,QueryPlayer,Casino.QueryPlayerResponse,profile.profile.statistic[].map.element[].value_int,string,3
other/unknown,AppServer,QueryPlayer,Casino.QueryPlayerResponse,profile.profile.statistic[].map.element[].value_string,string,3
other/unknown,AppServer,QueryPlayer,Casino.QueryPlayerResponse,profile.rank.rank,integer,3
other/unknown,AppServer,QueryPlayer,Casino.QueryPlayerResponse,profile.rank.rank_req_value[],string,3
other/unknown,AppServer,QueryPlayer,Casino.QueryPlayerResponse,profile.xp,number,3
other/unknown,AppServer,QueryPlayer,Casino.QueryPlayerResponse,profile.xp_level,number,3
other/unknown,AppServer,QueryPlayer,Casino.QueryPlayerResponse,status,string,3
other/unknown,AppServer,RegisterDevice,Casino.RegisterDeviceRequest,language,string,1
other/unknown,AppServer,RegisterDevice,Casino.RegisterDeviceRequest,push_notification_token,string,1
other/unknown,AppServer,RegisterDevice,Casino.RegisterDeviceResponse,status,string,1
other/unknown,AppServer,ResetUserInactivity,Casino.ResetUserInactivityRequest,mode,string,2974
other/unknown,AppServer,SimpleRateUsTriggered,Casino.SimpleRateUsTriggeredRequest,trigger_id,integer,1
other/unknown,AppServer,SimpleRateUsTriggered,Casino.SimpleRateUsTriggeredResponse,state.cooldown_end_date,string,1
other/unknown,AppServer,SimpleRateUsTriggered,Casino.SimpleRateUsTriggeredResponse,state.last_triggered_id,integer,1
other/unknown,AppServer,SimpleRateUsTriggered,Casino.SimpleRateUsTriggeredResponse,state.min_gap_end_date,string,1
other/unknown,AppServer,SimpleRateUsTriggered,Casino.SimpleRateUsTriggeredResponse,status,string,1
other/unknown,AppServer,TriggerAnnouncement,Casino.TriggerAnnouncementRequest,id.config_id,string,4
other/unknown,AppServer,TriggerAnnouncement,Casino.TriggerAnnouncementRequest,id.offer_type,integer,4
other/unknown,AppServer,TriggerAnnouncement,Casino.TriggerAnnouncementResponse,status,string,4
other/unknown,AppServer,UpdateFacebookToken,Casino.UpdateFacebookTokenRequest,facebook_login_data.client_id,string,1
other/unknown,AppServer,UpdateFacebookToken,Casino.UpdateFacebookTokenRequest,facebook_login_data.facebook_token,string,1
other/unknown,AppServer,UpdateFacebookToken,Casino.UpdateFacebookTokenRequest,facebook_login_data.limited_login,boolean,1
other/unknown,AppServer,UpdateFacebookToken,Casino.UpdateFacebookTokenResponse,status,string,1
other/unknown,ContactPointClient,ContactPointUpdate,Casino.ContactPointUpdateRequest,hmac,string,1
other/unknown,ContactPointClient,ContactPointUpdate,Casino.ContactPointUpdateRequest,is_vip,boolean,1
passes/events,AppClient,BattlePassMissionProgressUpdate,Casino.BattlePassMissionProgressUpdateRequest,mission.action_type,string,45
passes/events,AppClient,BattlePassMissionProgressUpdate,Casino.BattlePassMissionProgressUpdateRequest,mission.hbi_name,string,45
passes/events,AppClient,BattlePassMissionProgressUpdate,Casino.BattlePassMissionProgressUpdateRequest,mission.id,string,45
passes/events,AppClient,BattlePassMissionProgressUpdate,Casino.BattlePassMissionProgressUpdateRequest,mission.progress.value,string,45
passes/events,AppClient,BattlePassMissionProgressUpdate,Casino.BattlePassMissionProgressUpdateRequest,mission.requirement.value,string,45
passes/events,AppClient,BattlePassMissionProgressUpdate,Casino.BattlePassMissionProgressUpdateRequest,mission.reward[].battle_pass_points.amount,string,45
passes/events,AppClient,BattlePassMissionProgressUpdate,Casino.BattlePassMissionProgressUpdateRequest,mission.reward[].big_chips_delta.value,string,26
passes/events,AppClient,BattlePassMissionProgressUpdate,Casino.BattlePassMissionProgressUpdateRequest,mission.reward[].chips_delta,string,26
passes/events,AppClient,BattlePassMissionProgressUpdate,Casino.BattlePassMissionProgressUpdateRequest,mission.reward[].id,integer,45
passes/events,AppClient,BattlePassMissionProgressUpdate,Casino.BattlePassMissionProgressUpdateRequest,mission.reward_bundle_id,string,5
passes/events,AppClient,BattlePassMissionProgressUpdate,Casino.BattlePassMissionProgressUpdateRequest,mission.segment_id,string,45
passes/events,AppClient,BattlePassMissionProgressUpdate,Casino.BattlePassMissionProgressUpdateRequest,mission.set_id,string,45
passes/events,AppClient,BattlePassMissionProgressUpdate,Casino.BattlePassMissionProgressUpdateRequest,mission.skippable,boolean,45
passes/events,AppClient,BattlePassMissionProgressUpdate,Casino.BattlePassMissionProgressUpdateRequest,mission.status,string,45
passes/events,AppClient,BattlePassMissionProgressUpdate,Casino.BattlePassMissionProgressUpdateRequest,mission.type,string,45
passes/events,AppClient,BattlePassUpdate,Casino.BattlePassUpdateRequest,art_config.expiration_date,string,1
passes/events,AppClient,BattlePassUpdate,Casino.BattlePassUpdateRequest,art_config.package[].path,string,1
passes/events,AppClient,BattlePassUpdate,Casino.BattlePassUpdateRequest,art_config.package[].reskin_name,string,1
passes/events,AppClient,BattlePassUpdate,Casino.BattlePassUpdateRequest,art_config.package[].type,string,1
passes/events,AppClient,BattlePassUpdate,Casino.BattlePassUpdateRequest,art_config.package[].version,integer,1
passes/events,AppClient,BattlePassUpdate,Casino.BattlePassUpdateRequest,battle_pass_id,string,1
passes/events,AppClient,BattlePassUpdate,Casino.BattlePassUpdateRequest,config_hbi_data[].config_identifier,string,1
passes/events,AppClient,BattlePassUpdate,Casino.BattlePassUpdateRequest,config_hbi_data[].config_type,string,1
passes/events,AppClient,BattlePassUpdate,Casino.BattlePassUpdateRequest,config_hbi_data[].hbi_data.id,string,1
passes/events,AppClient,BattlePassUpdate,Casino.BattlePassUpdateRequest,daily_expire,string,1
passes/events,AppClient,BattlePassUpdate,Casino.BattlePassUpdateRequest,daily_mission[].action_type,string,1
passes/events,AppClient,BattlePassUpdate,Casino.BattlePassUpdateRequest,daily_mission[].hbi_name,string,1
passes/events,AppClient,BattlePassUpdate,Casino.BattlePassUpdateRequest,daily_mission[].id,string,1
passes/events,AppClient,BattlePassUpdate,Casino.BattlePassUpdateRequest,daily_mission[].limitation[].type,string,1
passes/events,AppClient,BattlePassUpdate,Casino.BattlePassUpdateRequest,daily_mission[].limitation[].value.value_string,string,1
passes/events,AppClient,BattlePassUpdate,Casino.BattlePassUpdateRequest,daily_mission[].progress.value,string,1
passes/events,AppClient,BattlePassUpdate,Casino.BattlePassUpdateRequest,daily_mission[].requirement.value,string,1
passes/events,AppClient,BattlePassUpdate,Casino.BattlePassUpdateRequest,daily_mission[].reward[].battle_pass_points.amount,string,1
passes/events,AppClient,BattlePassUpdate,Casino.BattlePassUpdateRequest,daily_mission[].reward[].big_chips_delta.value,string,1
passes/events,AppClient,BattlePassUpdate,Casino.BattlePassUpdateRequest,daily_mission[].reward[].charms_trade_token_delta,integer,1
passes/events,AppClient,BattlePassUpdate,Casino.BattlePassUpdateRequest,daily_mission[].reward[].chips_delta,string,1
passes/events,AppClient,BattlePassUpdate,Casino.BattlePassUpdateRequest,daily_mission[].reward[].id,integer,1
passes/events,AppClient,BattlePassUpdate,Casino.BattlePassUpdateRequest,daily_mission[].reward_bundle_id,string,1
passes/events,AppClient,BattlePassUpdate,Casino.BattlePassUpdateRequest,daily_mission[].segment_id,string,1
passes/events,AppClient,BattlePassUpdate,Casino.BattlePassUpdateRequest,daily_mission[].set_id,string,1
passes/events,AppClient,BattlePassUpdate,Casino.BattlePassUpdateRequest,daily_mission[].skippable,boolean,1
passes/events,AppClient,BattlePassUpdate,Casino.BattlePassUpdateRequest,daily_mission[].status,string,1
passes/events,AppClient,BattlePassUpdate,Casino.BattlePassUpdateRequest,daily_mission[].type,string,1
passes/events,AppClient,BattlePassUpdate,Casino.BattlePassUpdateRequest,deluxe_product.product_id,string,1
passes/events,AppClient,BattlePassUpdate,Casino.BattlePassUpdateRequest,deluxe_product.worth,string,1
passes/events,AppClient,BattlePassUpdate,Casino.BattlePassUpdateRequest,event_id,string,1
passes/events,AppClient,BattlePassUpdate,Casino.BattlePassUpdateRequest,final_bundle[].deluxe_reward.collected,boolean,1
passes/events,AppClient,BattlePassUpdate,Casino.BattlePassUpdateRequest,final_bundle[].deluxe_reward.reward[].big_chips_delta.value,string,1
passes/events,AppClient,BattlePassUpdate,Casino.BattlePassUpdateRequest,final_bundle[].deluxe_reward.reward[].charms_trade_token_delta,integer,1
passes/events,AppClient,BattlePassUpdate,Casino.BattlePassUpdateRequest,final_bundle[].deluxe_reward.reward[].chips_delta,string,1
passes/events,AppClient,BattlePassUpdate,Casino.BattlePassUpdateRequest,final_bundle[].deluxe_reward.reward[].collectibles_box.box_id,integer,1
passes/events,AppClient,BattlePassUpdate,Casino.BattlePassUpdateRequest,final_bundle[].deluxe_reward.reward[].collectibles_box.box_type,integer,1
passes/events,AppClient,BattlePassUpdate,Casino.BattlePassUpdateRequest,final_bundle[].deluxe_reward.reward[].collectibles_box.raffle_id,string,1
passes/events,AppClient,BattlePassUpdate,Casino.BattlePassUpdateRequest,final_bundle[].deluxe_reward.reward[].collectibles_box.source,integer,1
passes/events,AppClient,BattlePassUpdate,Casino.BattlePassUpdateRequest,final_bundle[].deluxe_reward.reward[].collectibles_box.theme_id,integer,1
passes/events,AppClient,BattlePassUpdate,Casino.BattlePassUpdateRequest,final_bundle[].deluxe_reward.reward[].collectibles_box.type,integer,1
passes/events,AppClient,BattlePassUpdate,Casino.BattlePassUpdateRequest,final_bundle[].deluxe_reward.reward[].collectibles_box_info.box_id,integer,1
passes/events,AppClient,BattlePassUpdate,Casino.BattlePassUpdateRequest,final_bundle[].deluxe_reward.reward[].collectibles_box_info.box_type,integer,1
passes/events,AppClient,BattlePassUpdate,Casino.BattlePassUpdateRequest,final_bundle[].deluxe_reward.reward[].collectibles_box_info.event_type,integer,1
passes/events,AppClient,BattlePassUpdate,Casino.BattlePassUpdateRequest,final_bundle[].deluxe_reward.reward[].collectibles_box_info.highest_guaranteed_rarity,integer,1
passes/events,AppClient,BattlePassUpdate,Casino.BattlePassUpdateRequest,final_bundle[].deluxe_reward.reward[].collectibles_box_info.highest_guaranteed_rarity_items_count,integer,1
passes/events,AppClient,BattlePassUpdate,Casino.BattlePassUpdateRequest,final_bundle[].deluxe_reward.reward[].collectibles_box_info.items_count,integer,1
passes/events,AppClient,BattlePassUpdate,Casino.BattlePassUpdateRequest,final_bundle[].deluxe_reward.reward[].extra_item_boost.time.duration,integer,1
passes/events,AppClient,BattlePassUpdate,Casino.BattlePassUpdateRequest,final_bundle[].deluxe_reward.reward[].extra_item_boost.time.expire_time,string,1
passes/events,AppClient,BattlePassUpdate,Casino.BattlePassUpdateRequest,final_bundle[].deluxe_reward.reward[].extra_item_boost.time.value,integer,1
passes/events,AppClient,BattlePassUpdate,Casino.BattlePassUpdateRequest,final_bundle[].deluxe_reward.reward[].extra_item_boost.type,integer,1
passes/events,AppClient,BattlePassUpdate,Casino.BattlePassUpdateRequest,final_bundle[].deluxe_reward.reward[].id,integer,1
passes/events,AppClient,BattlePassUpdate,Casino.BattlePassUpdateRequest,final_bundle[].deluxe_reward.reward[].inventory_delta.amount,string,1
passes/events,AppClient,BattlePassUpdate,Casino.BattlePassUpdateRequest,final_bundle[].deluxe_reward.reward[].inventory_delta.id,integer,1
passes/events,AppClient,BattlePassUpdate,Casino.BattlePassUpdateRequest,final_bundle[].deluxe_reward.reward[].inventory_delta.level,integer,1
passes/events,AppClient,BattlePassUpdate,Casino.BattlePassUpdateRequest,final_bundle[].level,integer,1
passes/events,AppClient,BattlePassUpdate,Casino.BattlePassUpdateRequest,final_bundle[].premium_reward.collected,boolean,1
passes/events,AppClient,BattlePassUpdate,Casino.BattlePassUpdateRequest,final_bundle[].premium_reward.reward[].big_chips_delta.value,string,1
passes/events,AppClient,BattlePassUpdate,Casino.BattlePassUpdateRequest,final_bundle[].premium_reward.reward[].charms_trade_token_delta,integer,1
passes/events,AppClient,BattlePassUpdate,Casino.BattlePassUpdateRequest,final_bundle[].premium_reward.reward[].chips_delta,string,1
passes/events,AppClient,BattlePassUpdate,Casino.BattlePassUpdateRequest,final_bundle[].premium_reward.reward[].collectibles_box.box_id,integer,1
passes/events,AppClient,BattlePassUpdate,Casino.BattlePassUpdateRequest,final_bundle[].premium_reward.reward[].collectibles_box.box_type,integer,1
passes/events,AppClient,BattlePassUpdate,Casino.BattlePassUpdateRequest,final_bundle[].premium_reward.reward[].collectibles_box.raffle_id,string,1
passes/events,AppClient,BattlePassUpdate,Casino.BattlePassUpdateRequest,final_bundle[].premium_reward.reward[].collectibles_box.source,integer,1
passes/events,AppClient,BattlePassUpdate,Casino.BattlePassUpdateRequest,final_bundle[].premium_reward.reward[].collectibles_box.theme_id,integer,1
passes/events,AppClient,BattlePassUpdate,Casino.BattlePassUpdateRequest,final_bundle[].premium_reward.reward[].collectibles_box.type,integer,1
passes/events,AppClient,BattlePassUpdate,Casino.BattlePassUpdateRequest,final_bundle[].premium_reward.reward[].collectibles_box_info.box_id,integer,1
passes/events,AppClient,BattlePassUpdate,Casino.BattlePassUpdateRequest,final_bundle[].premium_reward.reward[].collectibles_box_info.box_type,integer,1
passes/events,AppClient,BattlePassUpdate,Casino.BattlePassUpdateRequest,final_bundle[].premium_reward.reward[].collectibles_box_info.event_type,integer,1
passes/events,AppClient,BattlePassUpdate,Casino.BattlePassUpdateRequest,final_bundle[].premium_reward.reward[].collectibles_box_info.highest_guaranteed_rarity,integer,1
passes/events,AppClient,BattlePassUpdate,Casino.BattlePassUpdateRequest,final_bundle[].premium_reward.reward[].collectibles_box_info.highest_guaranteed_rarity_items_count,integer,1
passes/events,AppClient,BattlePassUpdate,Casino.BattlePassUpdateRequest,final_bundle[].premium_reward.reward[].collectibles_box_info.items_count,integer,1
passes/events,AppClient,BattlePassUpdate,Casino.BattlePassUpdateRequest,final_bundle[].premium_reward.reward[].extra_item_boost.time.duration,integer,1
passes/events,AppClient,BattlePassUpdate,Casino.BattlePassUpdateRequest,final_bundle[].premium_reward.reward[].extra_item_boost.time.expire_time,string,1
passes/events,AppClient,BattlePassUpdate,Casino.BattlePassUpdateRequest,final_bundle[].premium_reward.reward[].extra_item_boost.time.value,integer,1
passes/events,AppClient,BattlePassUpdate,Casino.BattlePassUpdateRequest,final_bundle[].premium_reward.reward[].extra_item_boost.type,integer,1
passes/events,AppClient,BattlePassUpdate,Casino.BattlePassUpdateRequest,final_bundle[].premium_reward.reward[].id,integer,1
passes/events,AppClient,BattlePassUpdate,Casino.BattlePassUpdateRequest,final_bundle[].premium_reward.reward[].inventory_delta.amount,string,1
passes/events,AppClient,BattlePassUpdate,Casino.BattlePassUpdateRequest,final_bundle[].premium_reward.reward[].inventory_delta.id,integer,1
passes/events,AppClient,BattlePassUpdate,Casino.BattlePassUpdateRequest,final_bundle[].premium_reward.reward[].inventory_delta.level,integer,1
passes/events,AppClient,BattlePassUpdate,Casino.BattlePassUpdateRequest,final_bundle[].requirement,string,1
passes/events,AppClient,BattlePassUpdate,Casino.BattlePassUpdateRequest,final_bundle[].type,string,1
passes/events,AppClient,BattlePassUpdate,Casino.BattlePassUpdateRequest,milestone[].deluxe_reward.collected,boolean,1
passes/events,AppClient,BattlePassUpdate,Casino.BattlePassUpdateRequest,milestone[].deluxe_reward.reward[].big_chips_delta.value,string,1
passes/events,AppClient,BattlePassUpdate,Casino.BattlePassUpdateRequest,milestone[].deluxe_reward.reward[].charms_trade_token_delta,integer,1
passes/events,AppClient,BattlePassUpdate,Casino.BattlePassUpdateRequest,milestone[].deluxe_reward.reward[].chips_delta,string,1
passes/events,AppClient,BattlePassUpdate,Casino.BattlePassUpdateRequest,milestone[].deluxe_reward.reward[].collectibles_box.box_id,integer,1
passes/events,AppClient,BattlePassUpdate,Casino.BattlePassUpdateRequest,milestone[].deluxe_reward.reward[].collectibles_box.box_type,integer,1
passes/events,AppClient,BattlePassUpdate,Casino.BattlePassUpdateRequest,milestone[].deluxe_reward.reward[].collectibles_box.raffle_id,string,1
passes/events,AppClient,BattlePassUpdate,Casino.BattlePassUpdateRequest,milestone[].deluxe_reward.reward[].collectibles_box.source,integer,1
passes/events,AppClient,BattlePassUpdate,Casino.BattlePassUpdateRequest,milestone[].deluxe_reward.reward[].collectibles_box.theme_id,integer,1
passes/events,AppClient,BattlePassUpdate,Casino.BattlePassUpdateRequest,milestone[].deluxe_reward.reward[].collectibles_box.type,integer,1
passes/events,AppClient,BattlePassUpdate,Casino.BattlePassUpdateRequest,milestone[].deluxe_reward.reward[].collectibles_box_info.box_id,integer,1
passes/events,AppClient,BattlePassUpdate,Casino.BattlePassUpdateRequest,milestone[].deluxe_reward.reward[].collectibles_box_info.box_type,integer,1
passes/events,AppClient,BattlePassUpdate,Casino.BattlePassUpdateRequest,milestone[].deluxe_reward.reward[].collectibles_box_info.event_type,integer,1
passes/events,AppClient,BattlePassUpdate,Casino.BattlePassUpdateRequest,milestone[].deluxe_reward.reward[].collectibles_box_info.highest_guaranteed_rarity,integer,1
passes/events,AppClient,BattlePassUpdate,Casino.BattlePassUpdateRequest,milestone[].deluxe_reward.reward[].collectibles_box_info.highest_guaranteed_rarity_items_count,integer,1
passes/events,AppClient,BattlePassUpdate,Casino.BattlePassUpdateRequest,milestone[].deluxe_reward.reward[].collectibles_box_info.items_count,integer,1
passes/events,AppClient,BattlePassUpdate,Casino.BattlePassUpdateRequest,milestone[].deluxe_reward.reward[].extra_item_boost.time.duration,integer,1
passes/events,AppClient,BattlePassUpdate,Casino.BattlePassUpdateRequest,milestone[].deluxe_reward.reward[].extra_item_boost.time.expire_time,string,1
passes/events,AppClient,BattlePassUpdate,Casino.BattlePassUpdateRequest,milestone[].deluxe_reward.reward[].extra_item_boost.time.value,integer,1
passes/events,AppClient,BattlePassUpdate,Casino.BattlePassUpdateRequest,milestone[].deluxe_reward.reward[].extra_item_boost.type,integer,1
passes/events,AppClient,BattlePassUpdate,Casino.BattlePassUpdateRequest,milestone[].deluxe_reward.reward[].game_to_unlock.game_id,string,1
passes/events,AppClient,BattlePassUpdate,Casino.BattlePassUpdateRequest,milestone[].deluxe_reward.reward[].id,integer,1
passes/events,AppClient,BattlePassUpdate,Casino.BattlePassUpdateRequest,milestone[].deluxe_reward.reward[].inventory_delta.amount,string,1
passes/events,AppClient,BattlePassUpdate,Casino.BattlePassUpdateRequest,milestone[].deluxe_reward.reward[].inventory_delta.id,integer,1
passes/events,AppClient,BattlePassUpdate,Casino.BattlePassUpdateRequest,milestone[].deluxe_reward.reward[].loyalty_points,string,1
passes/events,AppClient,BattlePassUpdate,Casino.BattlePassUpdateRequest,milestone[].free_reward.collected,boolean,1
passes/events,AppClient,BattlePassUpdate,Casino.BattlePassUpdateRequest,milestone[].free_reward.reward[].big_chips_delta.value,string,1
passes/events,AppClient,BattlePassUpdate,Casino.BattlePassUpdateRequest,milestone[].free_reward.reward[].charms_trade_token_delta,integer,1
passes/events,AppClient,BattlePassUpdate,Casino.BattlePassUpdateRequest,milestone[].free_reward.reward[].chips_delta,string,1
passes/events,AppClient,BattlePassUpdate,Casino.BattlePassUpdateRequest,milestone[].free_reward.reward[].collectibles_box.box_id,integer,1
passes/events,AppClient,BattlePassUpdate,Casino.BattlePassUpdateRequest,milestone[].free_reward.reward[].collectibles_box.box_type,integer,1
passes/events,AppClient,BattlePassUpdate,Casino.BattlePassUpdateRequest,milestone[].free_reward.reward[].collectibles_box.raffle_id,string,1
passes/events,AppClient,BattlePassUpdate,Casino.BattlePassUpdateRequest,milestone[].free_reward.reward[].collectibles_box.source,integer,1
passes/events,AppClient,BattlePassUpdate,Casino.BattlePassUpdateRequest,milestone[].free_reward.reward[].collectibles_box.theme_id,integer,1
passes/events,AppClient,BattlePassUpdate,Casino.BattlePassUpdateRequest,milestone[].free_reward.reward[].collectibles_box.type,integer,1
passes/events,AppClient,BattlePassUpdate,Casino.BattlePassUpdateRequest,milestone[].free_reward.reward[].collectibles_box_info.box_id,integer,1
passes/events,AppClient,BattlePassUpdate,Casino.BattlePassUpdateRequest,milestone[].free_reward.reward[].collectibles_box_info.box_type,integer,1
passes/events,AppClient,BattlePassUpdate,Casino.BattlePassUpdateRequest,milestone[].free_reward.reward[].collectibles_box_info.event_type,integer,1
passes/events,AppClient,BattlePassUpdate,Casino.BattlePassUpdateRequest,milestone[].free_reward.reward[].collectibles_box_info.highest_guaranteed_rarity,integer,1
passes/events,AppClient,BattlePassUpdate,Casino.BattlePassUpdateRequest,milestone[].free_reward.reward[].collectibles_box_info.highest_guaranteed_rarity_items_count,integer,1
passes/events,AppClient,BattlePassUpdate,Casino.BattlePassUpdateRequest,milestone[].free_reward.reward[].collectibles_box_info.items_count,integer,1
passes/events,AppClient,BattlePassUpdate,Casino.BattlePassUpdateRequest,milestone[].free_reward.reward[].extra_item_boost.time.duration,integer,1
passes/events,AppClient,BattlePassUpdate,Casino.BattlePassUpdateRequest,milestone[].free_reward.reward[].extra_item_boost.time.expire_time,string,1
passes/events,AppClient,BattlePassUpdate,Casino.BattlePassUpdateRequest,milestone[].free_reward.reward[].extra_item_boost.time.value,integer,1
passes/events,AppClient,BattlePassUpdate,Casino.BattlePassUpdateRequest,milestone[].free_reward.reward[].extra_item_boost.type,integer,1
passes/events,AppClient,BattlePassUpdate,Casino.BattlePassUpdateRequest,milestone[].free_reward.reward[].id,integer,1
passes/events,AppClient,BattlePassUpdate,Casino.BattlePassUpdateRequest,milestone[].free_reward.reward[].inventory_delta.amount,string,1
passes/events,AppClient,BattlePassUpdate,Casino.BattlePassUpdateRequest,milestone[].free_reward.reward[].inventory_delta.id,integer,1
passes/events,AppClient,BattlePassUpdate,Casino.BattlePassUpdateRequest,milestone[].free_reward.reward_bundle_id,string,1
passes/events,AppClient,BattlePassUpdate,Casino.BattlePassUpdateRequest,milestone[].level,integer,1
passes/events,AppClient,BattlePassUpdate,Casino.BattlePassUpdateRequest,milestone[].premium_reward.collected,boolean,1
passes/events,AppClient,BattlePassUpdate,Casino.BattlePassUpdateRequest,milestone[].premium_reward.reward[].big_chips_delta.value,string,1
passes/events,AppClient,BattlePassUpdate,Casino.BattlePassUpdateRequest,milestone[].premium_reward.reward[].charms_trade_token_delta,integer,1
passes/events,AppClient,BattlePassUpdate,Casino.BattlePassUpdateRequest,milestone[].premium_reward.reward[].chips_delta,string,1
passes/events,AppClient,BattlePassUpdate,Casino.BattlePassUpdateRequest,milestone[].premium_reward.reward[].collectibles_box.box_id,integer,1
passes/events,AppClient,BattlePassUpdate,Casino.BattlePassUpdateRequest,milestone[].premium_reward.reward[].collectibles_box.box_type,integer,1
passes/events,AppClient,BattlePassUpdate,Casino.BattlePassUpdateRequest,milestone[].premium_reward.reward[].collectibles_box.raffle_id,string,1
passes/events,AppClient,BattlePassUpdate,Casino.BattlePassUpdateRequest,milestone[].premium_reward.reward[].collectibles_box.source,integer,1
passes/events,AppClient,BattlePassUpdate,Casino.BattlePassUpdateRequest,milestone[].premium_reward.reward[].collectibles_box.theme_id,integer,1
passes/events,AppClient,BattlePassUpdate,Casino.BattlePassUpdateRequest,milestone[].premium_reward.reward[].collectibles_box.type,integer,1
passes/events,AppClient,BattlePassUpdate,Casino.BattlePassUpdateRequest,milestone[].premium_reward.reward[].collectibles_box_info.box_id,integer,1
passes/events,AppClient,BattlePassUpdate,Casino.BattlePassUpdateRequest,milestone[].premium_reward.reward[].collectibles_box_info.box_type,integer,1
passes/events,AppClient,BattlePassUpdate,Casino.BattlePassUpdateRequest,milestone[].premium_reward.reward[].collectibles_box_info.event_type,integer,1
passes/events,AppClient,BattlePassUpdate,Casino.BattlePassUpdateRequest,milestone[].premium_reward.reward[].collectibles_box_info.highest_guaranteed_rarity,integer,1
passes/events,AppClient,BattlePassUpdate,Casino.BattlePassUpdateRequest,milestone[].premium_reward.reward[].collectibles_box_info.highest_guaranteed_rarity_items_count,integer,1
passes/events,AppClient,BattlePassUpdate,Casino.BattlePassUpdateRequest,milestone[].premium_reward.reward[].collectibles_box_info.items_count,integer,1
passes/events,AppClient,BattlePassUpdate,Casino.BattlePassUpdateRequest,milestone[].premium_reward.reward[].extra_item_boost.time.duration,integer,1
passes/events,AppClient,BattlePassUpdate,Casino.BattlePassUpdateRequest,milestone[].premium_reward.reward[].extra_item_boost.time.expire_time,string,1
passes/events,AppClient,BattlePassUpdate,Casino.BattlePassUpdateRequest,milestone[].premium_reward.reward[].extra_item_boost.time.value,integer,1
passes/events,AppClient,BattlePassUpdate,Casino.BattlePassUpdateRequest,milestone[].premium_reward.reward[].extra_item_boost.type,integer,1
passes/events,AppClient,BattlePassUpdate,Casino.BattlePassUpdateRequest,milestone[].premium_reward.reward[].game_to_unlock.game_id,string,1
passes/events,AppClient,BattlePassUpdate,Casino.BattlePassUpdateRequest,milestone[].premium_reward.reward[].id,integer,1
passes/events,AppClient,BattlePassUpdate,Casino.BattlePassUpdateRequest,milestone[].premium_reward.reward[].inventory_delta.amount,string,1
passes/events,AppClient,BattlePassUpdate,Casino.BattlePassUpdateRequest,milestone[].premium_reward.reward[].inventory_delta.id,integer,1
passes/events,AppClient,BattlePassUpdate,Casino.BattlePassUpdateRequest,milestone[].premium_reward.reward[].loyalty_points,string,1
passes/events,AppClient,BattlePassUpdate,Casino.BattlePassUpdateRequest,milestone[].requirement,string,1
passes/events,AppClient,BattlePassUpdate,Casino.BattlePassUpdateRequest,mission_skip_balance,integer,1
passes/events,AppClient,BattlePassUpdate,Casino.BattlePassUpdateRequest,pass_expire,string,1
passes/events,AppClient,BattlePassUpdate,Casino.BattlePassUpdateRequest,pass_level,integer,1
passes/events,AppClient,BattlePassUpdate,Casino.BattlePassUpdateRequest,pass_points_balance,string,1
passes/events,AppClient,BattlePassUpdate,Casino.BattlePassUpdateRequest,pass_type.type,string,1
passes/events,AppClient,BattlePassUpdate,Casino.BattlePassUpdateRequest,premium_product.product_id,string,1
passes/events,AppClient,BattlePassUpdate,Casino.BattlePassUpdateRequest,premium_product.worth,string,1
passes/events,AppClient,BattlePassUpdate,Casino.BattlePassUpdateRequest,prestige.current_tier,integer,1
passes/events,AppClient,BattlePassUpdate,Casino.BattlePassUpdateRequest,prestige.decay_warning_start_date,string,1
passes/events,AppClient,BattlePassUpdate,Casino.BattlePassUpdateRequest,prestige.state,string,1
passes/events,AppClient,BattlePassUpdate,Casino.BattlePassUpdateRequest,prestige.tiers[].benefits[].benefit_type,string,1
passes/events,AppClient,BattlePassUpdate,Casino.BattlePassUpdateRequest,prestige.tiers[].benefits[].value,string,1
passes/events,AppClient,BattlePassUpdate,Casino.BattlePassUpdateRequest,prestige.tiers[].tier,integer,1
passes/events,AppClient,BattlePassUpdate,Casino.BattlePassUpdateRequest,status,string,1
passes/events,AppClient,BattlePassUpdate,Casino.BattlePassUpdateRequest,tutorial_completed,boolean,1
passes/events,AppClient,BattlePassUpdate,Casino.BattlePassUpdateRequest,unlock_level,integer,1
passes/events,AppClient,BattlePassUpdate,Casino.BattlePassUpdateRequest,weekly_mission[].end_date,string,1
passes/events,AppClient,BattlePassUpdate,Casino.BattlePassUpdateRequest,weekly_mission[].mission[].action_type,string,1
passes/events,AppClient,BattlePassUpdate,Casino.BattlePassUpdateRequest,weekly_mission[].mission[].hbi_name,string,1
passes/events,AppClient,BattlePassUpdate,Casino.BattlePassUpdateRequest,weekly_mission[].mission[].id,string,1
passes/events,AppClient,BattlePassUpdate,Casino.BattlePassUpdateRequest,weekly_mission[].mission[].limitation[].type,string,1
passes/events,AppClient,BattlePassUpdate,Casino.BattlePassUpdateRequest,weekly_mission[].mission[].limitation[].value.value_strings[],string,1
passes/events,AppClient,BattlePassUpdate,Casino.BattlePassUpdateRequest,weekly_mission[].mission[].progress.value,string,1
passes/events,AppClient,BattlePassUpdate,Casino.BattlePassUpdateRequest,weekly_mission[].mission[].requirement.value,string,1
passes/events,AppClient,BattlePassUpdate,Casino.BattlePassUpdateRequest,weekly_mission[].mission[].reward[].battle_pass_points.amount,string,1
passes/events,AppClient,BattlePassUpdate,Casino.BattlePassUpdateRequest,weekly_mission[].mission[].reward[].id,integer,1
passes/events,AppClient,BattlePassUpdate,Casino.BattlePassUpdateRequest,weekly_mission[].mission[].reward_bundle_id,string,1
passes/events,AppClient,BattlePassUpdate,Casino.BattlePassUpdateRequest,weekly_mission[].mission[].segment_id,string,1
passes/events,AppClient,BattlePassUpdate,Casino.BattlePassUpdateRequest,weekly_mission[].mission[].set_id,string,1
passes/events,AppClient,BattlePassUpdate,Casino.BattlePassUpdateRequest,weekly_mission[].mission[].skippable,boolean,1
passes/events,AppClient,BattlePassUpdate,Casino.BattlePassUpdateRequest,weekly_mission[].mission[].status,string,1
passes/events,AppClient,BattlePassUpdate,Casino.BattlePassUpdateRequest,weekly_mission[].mission[].type,string,1
passes/events,AppClient,BattlePassUpdate,Casino.BattlePassUpdateRequest,weekly_mission[].set_id,string,1
passes/events,AppClient,BattlePassUpdate,Casino.BattlePassUpdateRequest,weekly_mission[].set_type,string,1
passes/events,AppClient,BattlePassUpdate,Casino.BattlePassUpdateRequest,weekly_mission[].start_date,string,1
passes/events,AppClient,VaultProgressUpdate,Casino.VaultProgressUpdateRequest,balance_update.cap_reached,boolean,602
passes/events,AppClient,VaultProgressUpdate,Casino.VaultProgressUpdateRequest,balance_update.chips.value,string,602
passes/events,AppClient,VaultProgressUpdate,Casino.VaultProgressUpdateRequest,balance_update.contribution_ratio,number,602
passes/events,AppClient,VaultProgressUpdate,Casino.VaultProgressUpdateRequest,balance_update.current_step,integer,602
passes/events,AppClient,VaultProgressUpdate,Casino.VaultProgressUpdateRequest,tier_update.cap.value,string,1
passes/events,AppClient,VaultProgressUpdate,Casino.VaultProgressUpdateRequest,tier_update.seed.value,string,1
passes/events,AppClient,VaultProgressUpdate,Casino.VaultProgressUpdateRequest,tier_update.steps_count,integer,1
passes/events,AppClient,VaultProgressUpdate,Casino.VaultProgressUpdateRequest,tier_update.tier_start_level,string,1
passes/events,AppClient,VaultUpdate,Casino.VaultUpdateRequest,is_restricted_mode,boolean,5
passes/events,AppClient,VaultUpdate,Casino.VaultUpdateRequest,vault_event.config_hbi_data[].config_identifier_str,string,5
passes/events,AppClient,VaultUpdate,Casino.VaultUpdateRequest,vault_event.config_hbi_data[].config_type,string,5
passes/events,AppClient,VaultUpdate,Casino.VaultUpdateRequest,vault_event.config_hbi_data[].hbi_data.id,string,5
passes/events,AppClient,VaultUpdate,Casino.VaultUpdateRequest,vault_event.event_id,string,5
passes/events,AppClient,VaultUpdate,Casino.VaultUpdateRequest,vault_event.vault.minimum_level,integer,5
passes/events,AppClient,VaultUpdate,Casino.VaultUpdateRequest,vault_event.vault.product_id,string,5
passes/events,AppClient,VaultUpdate,Casino.VaultUpdateRequest,vault_event.vault.seed.value,string,5
passes/events,AppClient,VaultUpdate,Casino.VaultUpdateRequest,vault_event.vault.segment_id,string,5
passes/events,AppClient,VaultUpdate,Casino.VaultUpdateRequest,vault_event.vault.state,string,5
passes/events,AppClient,VaultUpdate,Casino.VaultUpdateRequest,vault_event.vault.vault_id,string,5
passes/events,AppClient,VaultUpdate,Casino.VaultUpdateRequest,vault_event.vault.vault_status.additional_benefit[].charms_trade_token_delta,integer,5
passes/events,AppClient,VaultUpdate,Casino.VaultUpdateRequest,vault_event.vault.vault_status.additional_benefit[].collectibles_box.box_id,integer,5
passes/events,AppClient,VaultUpdate,Casino.VaultUpdateRequest,vault_event.vault.vault_status.additional_benefit[].collectibles_box.box_type,integer,5
passes/events,AppClient,VaultUpdate,Casino.VaultUpdateRequest,vault_event.vault.vault_status.additional_benefit[].collectibles_box.raffle_id,string,5
passes/events,AppClient,VaultUpdate,Casino.VaultUpdateRequest,vault_event.vault.vault_status.additional_benefit[].collectibles_box.source,integer,5
passes/events,AppClient,VaultUpdate,Casino.VaultUpdateRequest,vault_event.vault.vault_status.additional_benefit[].collectibles_box.theme_id,integer,5
passes/events,AppClient,VaultUpdate,Casino.VaultUpdateRequest,vault_event.vault.vault_status.additional_benefit[].collectibles_box.type,integer,5
passes/events,AppClient,VaultUpdate,Casino.VaultUpdateRequest,vault_event.vault.vault_status.additional_benefit[].collectibles_box_info.box_id,integer,5
passes/events,AppClient,VaultUpdate,Casino.VaultUpdateRequest,vault_event.vault.vault_status.additional_benefit[].collectibles_box_info.box_type,integer,5
passes/events,AppClient,VaultUpdate,Casino.VaultUpdateRequest,vault_event.vault.vault_status.additional_benefit[].collectibles_box_info.event_type,integer,5
passes/events,AppClient,VaultUpdate,Casino.VaultUpdateRequest,vault_event.vault.vault_status.additional_benefit[].collectibles_box_info.highest_guaranteed_rarity,integer,5
passes/events,AppClient,VaultUpdate,Casino.VaultUpdateRequest,vault_event.vault.vault_status.additional_benefit[].collectibles_box_info.highest_guaranteed_rarity_items_count,integer,5
passes/events,AppClient,VaultUpdate,Casino.VaultUpdateRequest,vault_event.vault.vault_status.additional_benefit[].collectibles_box_info.items_count,integer,5
passes/events,AppClient,VaultUpdate,Casino.VaultUpdateRequest,vault_event.vault.vault_status.additional_benefit[].id,integer,5
passes/events,AppClient,VaultUpdate,Casino.VaultUpdateRequest,vault_event.vault.vault_status.additional_benefit[].loyalty_points,string,5
passes/events,AppClient,VaultUpdate,Casino.VaultUpdateRequest,vault_event.vault.vault_status.cap.value,string,5
passes/events,AppClient,VaultUpdate,Casino.VaultUpdateRequest,vault_event.vault.vault_status.chips.value,string,5
passes/events,AppClient,VaultUpdate,Casino.VaultUpdateRequest,vault_event.vault.vault_status.contribution_ratio,number,2
passes/events,AppClient,VaultUpdate,Casino.VaultUpdateRequest,vault_event.vault.vault_status.current_step,integer,5
passes/events,AppClient,VaultUpdate,Casino.VaultUpdateRequest,vault_event.vault.vault_status.is_new_config,boolean,5
passes/events,AppClient,VaultUpdate,Casino.VaultUpdateRequest,vault_event.vault.vault_status.steps_count,integer,5
passes/events,AppClient,VaultUpdate,Casino.VaultUpdateRequest,vault_event.vault.vault_status.tier_start_level,integer,5
slots,AppServer,GetJackpotValues,Casino.GetJackpotValuesRequest,jackpot_id[],integer,27
slots,AppServer,GetJackpotValues,Casino.GetJackpotValuesResponse,legacy_value[],string,27
slots,AppServer,GetJackpotValues,Casino.GetJackpotValuesResponse,status,string,27
slots,AppServer,GetJackpotValues,Casino.GetJackpotValuesResponse,value[].value,string,27
slots,AppServer,GetPlayerList,Casino.GetPlayerListRequest,category,string,25
slots,AppServer,GetPlayerList,Casino.GetPlayerListRequest,max_results,integer,25
slots,AppServer,GetPlayerList,Casino.GetPlayerListResponse,entry[].avatar.avatar_frame.id,integer,9
slots,AppServer,GetPlayerList,Casino.GetPlayerListResponse,entry[].avatar.avatar_frame.level,integer,9
slots,AppServer,GetPlayerList,Casino.GetPlayerListResponse,entry[].avatar.avatar_id,string,10
slots,AppServer,GetPlayerList,Casino.GetPlayerListResponse,entry[].avatar.club_division,integer,10
slots,AppServer,GetPlayerList,Casino.GetPlayerListResponse,entry[].avatar.country_flag,integer,10
slots,AppServer,GetPlayerList,Casino.GetPlayerListResponse,entry[].avatar.game_category,string,6
slots,AppServer,GetPlayerList,Casino.GetPlayerListResponse,entry[].avatar.gift.expire,integer,5
slots,AppServer,GetPlayerList,Casino.GetPlayerListResponse,entry[].avatar.gift.gift_id,integer,5
slots,AppServer,GetPlayerList,Casino.GetPlayerListResponse,entry[].avatar.level,integer,10
slots,AppServer,GetPlayerList,Casino.GetPlayerListResponse,entry[].avatar.name,string,10
slots,AppServer,GetPlayerList,Casino.GetPlayerListResponse,entry[].avatar.user_id,string,10
slots,AppServer,GetPlayerList,Casino.GetPlayerListResponse,entry[].event_flags,string,4
slots,AppServer,GetPlayerList,Casino.GetPlayerListResponse,players_number,integer,25
slots,AppServer,GetPlayerList,Casino.GetPlayerListResponse,remove_user_id[],string,2
slots,AppServer,GetPlayerList,Casino.GetPlayerListResponse,status,string,25
slots,AppServer,JoinGame,Casino.JoinGameRequest,game_def_hash,string,2
slots,AppServer,JoinGame,Casino.JoinGameRequest,game_name,string,2
slots,AppServer,JoinGame,Casino.JoinGameRequest,reconnect,boolean,2
slots,AppServer,JoinGame,Casino.JoinGameResponse,game_mode,string,2
slots,AppServer,JoinGame,Casino.JoinGameResponse,status,string,2
slots,AppServer,LeaveGame,Casino.LeaveGameResponse,status,string,1
slots,AppServer,ListGames,Casino.ListGamesRequest,category,string,1
slots,AppServer,ListGames,Casino.ListGamesResponse,frame[].name,string,1
slots,AppServer,ListGames,Casino.ListGamesResponse,frame[].slot_family[],string,1
slots,AppServer,ListGames,Casino.ListGamesResponse,game[].game.category,string,1
slots,AppServer,ListGames,Casino.ListGamesResponse,game[].game.name,string,1
slots,AppServer,ListGames,Casino.ListGamesResponse,game[].game.params.element[].jackpot_id[],integer,1
slots,AppServer,ListGames,Casino.ListGamesResponse,game[].game.params.element[].key,integer,1
slots,AppServer,ListGames,Casino.ListGamesResponse,game[].game.params.element[].value_bet[],string,1
slots,AppServer,ListGames,Casino.ListGamesResponse,game[].game.params.element[].value_bytes,string,1
slots,AppServer,ListGames,Casino.ListGamesResponse,game[].game.params.element[].value_double,number,1
slots,AppServer,ListGames,Casino.ListGamesResponse,game[].game.params.element[].value_int,string,1
slots,AppServer,ListGames,Casino.ListGamesResponse,game[].game.params.element[].value_integers[],string,1
slots,AppServer,ListGames,Casino.ListGamesResponse,game[].game.params.element[].value_string,string,1
slots,AppServer,ListGames,Casino.ListGamesResponse,game[].game.params.element[].value_strings[],string,1
slots,AppServer,ListGames,Casino.ListGamesResponse,game[].jackpot[].id,integer,1
slots,AppServer,ListGames,Casino.ListGamesResponse,game[].jackpot[].legacy_value,string,1
slots,AppServer,ListGames,Casino.ListGamesResponse,game[].jackpot[].value.value,string,1
slots,AppServer,ListGames,Casino.ListGamesResponse,game[].user_count,string,1
slots,AppServer,ListGames,Casino.ListGamesResponse,status,string,1
slots,AppServer,QueryGame,Casino.QueryGameRequest,game_name,string,4
slots,AppServer,QueryGame,Casino.QueryGameRequest,include_jackpot,boolean,2
slots,AppServer,QueryGame,Casino.QueryGameResponse,game_entry.game.category,string,4
slots,AppServer,QueryGame,Casino.QueryGameResponse,game_entry.game.name,string,4
slots,AppServer,QueryGame,Casino.QueryGameResponse,game_entry.game.params.element[].jackpot_id[],integer,2
slots,AppServer,QueryGame,Casino.QueryGameResponse,game_entry.game.params.element[].key,integer,4
slots,AppServer,QueryGame,Casino.QueryGameResponse,game_entry.game.params.element[].value_bet[],string,4
slots,AppServer,QueryGame,Casino.QueryGameResponse,game_entry.game.params.element[].value_bytes,string,4
slots,AppServer,QueryGame,Casino.QueryGameResponse,game_entry.game.params.element[].value_double,number,4
slots,AppServer,QueryGame,Casino.QueryGameResponse,game_entry.game.params.element[].value_int,string,4
slots,AppServer,QueryGame,Casino.QueryGameResponse,game_entry.game.params.element[].value_string,string,4
slots,AppServer,QueryGame,Casino.QueryGameResponse,game_entry.jackpot[].id,integer,1
slots,AppServer,QueryGame,Casino.QueryGameResponse,game_entry.jackpot[].legacy_value,string,1
slots,AppServer,QueryGame,Casino.QueryGameResponse,game_entry.jackpot[].value.value,string,1
slots,AppServer,QueryGame,Casino.QueryGameResponse,status,string,4
slots,AppServer,QueryGamePlayer,Casino.QueryGamePlayerRequest,user_id[],string,19
slots,AppServer,QueryGamePlayer,Casino.QueryGamePlayerResponse,player[].avatar.avatar_frame.id,integer,13
slots,AppServer,QueryGamePlayer,Casino.QueryGamePlayerResponse,player[].avatar.avatar_frame.level,integer,13
slots,AppServer,QueryGamePlayer,Casino.QueryGamePlayerResponse,player[].avatar.avatar_id,string,19
slots,AppServer,QueryGamePlayer,Casino.QueryGamePlayerResponse,player[].avatar.club_division,integer,13
slots,AppServer,QueryGamePlayer,Casino.QueryGamePlayerResponse,player[].avatar.country_flag,integer,19
slots,AppServer,QueryGamePlayer,Casino.QueryGamePlayerResponse,player[].avatar.gift.expire,integer,8
slots,AppServer,QueryGamePlayer,Casino.QueryGamePlayerResponse,player[].avatar.gift.gift_id,integer,8
slots,AppServer,QueryGamePlayer,Casino.QueryGamePlayerResponse,player[].avatar.level,integer,19
slots,AppServer,QueryGamePlayer,Casino.QueryGamePlayerResponse,player[].avatar.name,string,19
slots,AppServer,QueryGamePlayer,Casino.QueryGamePlayerResponse,player[].avatar.user_id,string,19
slots,AppServer,QueryGamePlayer,Casino.QueryGamePlayerResponse,status,string,19
slots,SlotsGameClient,RoomUsers,Casino.SlotsProto.UserList,user[].cash.value,string,1481
slots,SlotsGameClient,RoomUsers,Casino.SlotsProto.UserList,user[].event_cash.value,string,42
slots,SlotsGameClient,RoomUsers,Casino.SlotsProto.UserList,user[].event_flags,string,72
slots,SlotsGameClient,RoomUsers,Casino.SlotsProto.UserList,user[].legacy_cash,string,1481
slots,SlotsGameClient,RoomUsers,Casino.SlotsProto.UserList,user[].legacy_event_cash,string,42
slots,SlotsGameClient,RoomUsers,Casino.SlotsProto.UserList,user[].user_id,string,1493
slots,SlotsGameClient,UpdateJackpot,Casino.SlotsProto.JackpotList,jackpot[].id,integer,5
slots,SlotsGameClient,UpdateJackpot,Casino.SlotsProto.JackpotList,jackpot[].legacy_value,string,5
slots,SlotsGameClient,UpdateJackpot,Casino.SlotsProto.JackpotList,jackpot[].value.value,string,5
slots,SlotsGameServer,FreeSpin,Casino.SlotsProto.SpinResponse,cash.value,string,107
slots,SlotsGameServer,FreeSpin,Casino.SlotsProto.SpinResponse,jackpot,boolean,107
slots,SlotsGameServer,FreeSpin,Casino.SlotsProto.SpinResponse,legacy_cash,string,107
slots,SlotsGameServer,FreeSpin,Casino.SlotsProto.SpinResponse,stop[],integer,107
slots,SlotsGameServer,Spin,Casino.SlotsProto.SpinRequest,auto,boolean,645
slots,SlotsGameServer,Spin,Casino.SlotsProto.SpinRequest,bet,string,645
slots,SlotsGameServer,Spin,Casino.SlotsProto.SpinRequest,max_bet_btn,boolean,645
slots,SlotsGameServer,Spin,Casino.SlotsProto.SpinResponse,cash.value,string,645
slots,SlotsGameServer,Spin,Casino.SlotsProto.SpinResponse,free_spins.cash.value,string,9
slots,SlotsGameServer,Spin,Casino.SlotsProto.SpinResponse,free_spins.legacy_cash,string,9
slots,SlotsGameServer,Spin,Casino.SlotsProto.SpinResponse,free_spins.spin_count,integer,9
slots,SlotsGameServer,Spin,Casino.SlotsProto.SpinResponse,jackpot,boolean,645
slots,SlotsGameServer,Spin,Casino.SlotsProto.SpinResponse,legacy_cash,string,645
slots,SlotsGameServer,Spin,Casino.SlotsProto.SpinResponse,stop[],integer,645
